138HHEDQ,2YGTDR1AZM22I73HVE,A3UQBZ81Z,4KI9OUYJKS9D,8LV4F6TM2YLSO4QY4TP
138HHEDQ,F0KY5JJHJK0,37FJOZGMRA,6NNXLOTW1BMWR6QW4CX,8LV4F6TM2YLSO4QY4TP
182WWP8P,DITRNPKVAYKY25N1RR,6HVUFSTG2RAP91,2YGTDR1AZM22I73HVE,182WWP8P
182WWP8P,DITRNPKVAYKY25N1RR,6HVUFSTG2RAP91,2YGTDR1AZM22I73HVE,4CHKZ57R2KYW6WE
182WWP8P,DITRNPKVAYKY25N1RR,6HVUFSTG2RAP91,2YGTDR1AZM22I73HVE,70DWWL3GR
182WWP8P,DITRNPKVAYKY25N1RR,6HVUFSTG2RAP91,2YGTDR1AZM22I73HVE,70DWWL3GR
182WWP8P,DITRNPKVAYKY25N1RR,6HVUFSTG2RAP91,2YGTDR1AZM22I73HVE,8LV4F6TM2YLSO4QY4TP
182WWP8P,DITRNPKVAYKY25N1RR,6HVUFSTG2RAP91,A3UQBZ81Z,182WWP8P
182WWP8P,DITRNPKVAYKY25N1RR,6HVUFSTG2RAP91,A3UQBZ81Z,4CHKZ57R2KYW6WE
182WWP8P,DITRNPKVAYKY25N1RR,6HVUFSTG2RAP91,A3UQBZ81Z,70DWWL3GR
182WWP8P,DITRNPKVAYKY25N1RR,6HVUFSTG2RAP91,A3UQBZ81Z,70DWWL3GR
182WWP8P,DITRNPKVAYKY25N1RR,6HVUFSTG2RAP91,A3UQBZ81Z,8LV4F6TM2YLSO4QY4TP
182WWP8P,DITRNPKVAYKY25N1RR,BUXZYGF8F3ZPW,2YGTDR1AZM22I73HVE,182WWP8P
182WWP8P,DITRNPKVAYKY25N1RR,BUXZYGF8F3ZPW,2YGTDR1AZM22I73HVE,4CHKZ57R2KYW6WE
182WWP8P,DITRNPKVAYKY25N1RR,BUXZYGF8F3ZPW,2YGTDR1AZM22I73HVE,70DWWL3GR
182WWP8P,DITRNPKVAYKY25N1RR,BUXZYGF8F3ZPW,2YGTDR1AZM22I73HVE,70DWWL3GR
182WWP8P,DITRNPKVAYKY25N1RR,BUXZYGF8F3ZPW,2YGTDR1AZM22I73HVE,8LV4F6TM2YLSO4QY4TP
182WWP8P,DITRNPKVAYKY25N1RR,BUXZYGF8F3ZPW,A3UQBZ81Z,182WWP8P
182WWP8P,DITRNPKVAYKY25N1RR,BUXZYGF8F3ZPW,A3UQBZ81Z,4CHKZ57R2KYW6WE
182WWP8P,DITRNPKVAYKY25N1RR,BUXZYGF8F3ZPW,A3UQBZ81Z,70DWWL3GR
182WWP8P,DITRNPKVAYKY25N1RR,BUXZYGF8F3ZPW,A3UQBZ81Z,70DWWL3GR
182WWP8P,DITRNPKVAYKY25N1RR,BUXZYGF8F3ZPW,A3UQBZ81Z,8LV4F6TM2YLSO4QY4TP
1B8SIB3DOE80UQD,5VYOCG8,456OLU0M4642GA83J0YTA,5E2C0S96Y1HHQPJGY,C9UADCYR
1B8SIB3DOE80UQD,5VYOCG8,456OLU0M4642GA83J0YTA,5VYOCG8,C9UADCYR
1B8SIB3DOE80UQD,5VYOCG8,456OLU0M4642GA83J0YTA,DZWED04MKKHO0P,C9UADCYR
1B8SIB3DOE80UQD,5VYOCG8,4CHKZ57R2KYW6WE,5E2C0S96Y1HHQPJGY,C9UADCYR
1B8SIB3DOE80UQD,5VYOCG8,4CHKZ57R2KYW6WE,5VYOCG8,C9UADCYR
1B8SIB3DOE80UQD,5VYOCG8,4CHKZ57R2KYW6WE,DZWED04MKKHO0P,C9UADCYR
1B8SIB3DOE80UQD,5VYOCG8,6HVUFSTG2RAP91,5E2C0S96Y1HHQPJGY,C9UADCYR
1B8SIB3DOE80UQD,5VYOCG8,6HVUFSTG2RAP91,5VYOCG8,C9UADCYR
1B8SIB3DOE80UQD,5VYOCG8,6HVUFSTG2RAP91,DZWED04MKKHO0P,C9UADCYR
1B8SIB3DOE80UQD,6NNXLOTW1BMWR6QW4CX,BUXZYGF8F3ZPW,70DWWL3GR,C9UADCYR
1B8SIB3DOE80UQD,6NNXLOTW1BMWR6QW4CX,BUXZYGF8F3ZPW,DITRNPKVAYKY25N1RR,C9UADCYR
1J92WYKXQN3E47F,52BAJMJ29S4J2JWPXPAV6,7VX6MZ75G,1J92WYKXQN3E47F,4CHKZ57R2KYW6WE
1J92WYKXQN3E47F,52BAJMJ29S4J2JWPXPAV6,7VX6MZ75G,1J92WYKXQN3E47F,4CHKZ57R2KYW6WE
1J92WYKXQN3E47F,52BAJMJ29S4J2JWPXPAV6,7VX6MZ75G,1J92WYKXQN3E47F,BFLE33HHDPM
1J92WYKXQN3E47F,52BAJMJ29S4J2JWPXPAV6,7VX6MZ75G,1J92WYKXQN3E47F,BFLE33HHDPM
1J92WYKXQN3E47F,52BAJMJ29S4J2JWPXPAV6,7VX6MZ75G,1J92WYKXQN3E47F,CRTL7JDI6MVYUD5U
1J92WYKXQN3E47F,52BAJMJ29S4J2JWPXPAV6,7VX6MZ75G,1J92WYKXQN3E47F,CRTL7JDI6MVYUD5U
1J92WYKXQN3E47F,52BAJMJ29S4J2JWPXPAV6,7VX6MZ75G,1J92WYKXQN3E47F,E5L3A8YW10QQDKMUF
1J92WYKXQN3E47F,52BAJMJ29S4J2JWPXPAV6,7VX6MZ75G,1J92WYKXQN3E47F,E5L3A8YW10QQDKMUF
1J92WYKXQN3E47F,52BAJMJ29S4J2JWPXPAV6,7VX6MZ75G,4KI9OUYJKS9D,4CHKZ57R2KYW6WE
1J92WYKXQN3E47F,52BAJMJ29S4J2JWPXPAV6,7VX6MZ75G,4KI9OUYJKS9D,BFLE33HHDPM
1J92WYKXQN3E47F,52BAJMJ29S4J2JWPXPAV6,7VX6MZ75G,4KI9OUYJKS9D,CRTL7JDI6MVYUD5U
1J92WYKXQN3E47F,52BAJMJ29S4J2JWPXPAV6,7VX6MZ75G,4KI9OUYJKS9D,E5L3A8YW10QQDKMUF
1J92WYKXQN3E47F,52BAJMJ29S4J2JWPXPAV6,7VX6MZ75G,68YEBYW2YTTIN7JO,4CHKZ57R2KYW6WE
1J92WYKXQN3E47F,52BAJMJ29S4J2JWPXPAV6,7VX6MZ75G,68YEBYW2YTTIN7JO,BFLE33HHDPM
1J92WYKXQN3E47F,52BAJMJ29S4J2JWPXPAV6,7VX6MZ75G,68YEBYW2YTTIN7JO,CRTL7JDI6MVYUD5U
1J92WYKXQN3E47F,52BAJMJ29S4J2JWPXPAV6,7VX6MZ75G,68YEBYW2YTTIN7JO,E5L3A8YW10QQDKMUF
1J92WYKXQN3E47F,52BAJMJ29S4J2JWPXPAV6,7VX6MZ75G,7ZVOR4MECP8SB,4CHKZ57R2KYW6WE
1J92WYKXQN3E47F,52BAJMJ29S4J2JWPXPAV6,7VX6MZ75G,7ZVOR4MECP8SB,4CHKZ57R2KYW6WE
1J92WYKXQN3E47F,52BAJMJ29S4J2JWPXPAV6,7VX6MZ75G,7ZVOR4MECP8SB,BFLE33HHDPM
1J92WYKXQN3E47F,52BAJMJ29S4J2JWPXPAV6,7VX6MZ75G,7ZVOR4MECP8SB,BFLE33HHDPM
1J92WYKXQN3E47F,52BAJMJ29S4J2JWPXPAV6,7VX6MZ75G,7ZVOR4MECP8SB,CRTL7JDI6MVYUD5U
1J92WYKXQN3E47F,52BAJMJ29S4J2JWPXPAV6,7VX6MZ75G,7ZVOR4MECP8SB,CRTL7JDI6MVYUD5U
1J92WYKXQN3E47F,52BAJMJ29S4J2JWPXPAV6,7VX6MZ75G,7ZVOR4MECP8SB,E5L3A8YW10QQDKMUF
1J92WYKXQN3E47F,52BAJMJ29S4J2JWPXPAV6,7VX6MZ75G,7ZVOR4MECP8SB,E5L3A8YW10QQDKMUF
1J92WYKXQN3E47F,52BAJMJ29S4J2JWPXPAV6,7VX6MZ75G,A65S6HQM9UKND7XTRR,4CHKZ57R2KYW6WE
1J92WYKXQN3E47F,52BAJMJ29S4J2JWPXPAV6,7VX6MZ75G,A65S6HQM9UKND7XTRR,BFLE33HHDPM
1J92WYKXQN3E47F,52BAJMJ29S4J2JWPXPAV6,7VX6MZ75G,A65S6HQM9UKND7XTRR,CRTL7JDI6MVYUD5U
1J92WYKXQN3E47F,52BAJMJ29S4J2JWPXPAV6,7VX6MZ75G,A65S6HQM9UKND7XTRR,E5L3A8YW10QQDKMUF
1J92WYKXQN3E47F,52BAJMJ29S4J2JWPXPAV6,7VX6MZ75G,E5L3A8YW10QQDKMUF,4CHKZ57R2KYW6WE
1J92WYKXQN3E47F,52BAJMJ29S4J2JWPXPAV6,7VX6MZ75G,E5L3A8YW10QQDKMUF,BFLE33HHDPM
1J92WYKXQN3E47F,52BAJMJ29S4J2JWPXPAV6,7VX6MZ75G,E5L3A8YW10QQDKMUF,CRTL7JDI6MVYUD5U
1J92WYKXQN3E47F,52BAJMJ29S4J2JWPXPAV6,7VX6MZ75G,E5L3A8YW10QQDKMUF,E5L3A8YW10QQDKMUF
1QE5G22,BZVVMZFOJV,68YEBYW2YTTIN7JO,6HVUFSTG2RAP91,37FJOZGMRA
1QE5G22,BZVVMZFOJV,68YEBYW2YTTIN7JO,6HVUFSTG2RAP91,DL0U0IXLK6
1QE5G22,BZVVMZFOJV,68YEBYW2YTTIN7JO,D2VYUMT63TRU879TB,37FJOZGMRA
1QE5G22,BZVVMZFOJV,68YEBYW2YTTIN7JO,D2VYUMT63TRU879TB,DL0U0IXLK6
1QE5G22,BZVVMZFOJV,A3UQBZ81Z,6HVUFSTG2RAP91,37FJOZGMRA
1QE5G22,BZVVMZFOJV,A3UQBZ81Z,6HVUFSTG2RAP91,DL0U0IXLK6
1QE5G22,BZVVMZFOJV,A3UQBZ81Z,D2VYUMT63TRU879TB,37FJOZGMRA
1QE5G22,BZVVMZFOJV,A3UQBZ81Z,D2VYUMT63TRU879TB,DL0U0IXLK6
37FJOZGMRA,5E2C0S96Y1HHQPJGY,C9UADCYR,37FJOZGMRA,5VYOCG8
37FJOZGMRA,7YE98MV2S81Q64M5KRTL,BFLE33HHDPM,4CHKZ57R2KYW6WE,5VYOCG8
37FJOZGMRA,7YE98MV2S81Q64M5KRTL,BFLE33HHDPM,BFLE33HHDPM,5VYOCG8
37FJOZGMRA,7YE98MV2S81Q64M5KRTL,BFLE33HHDPM,DITRNPKVAYKY25N1RR,5VYOCG8
456OLU0M4642GA83J0YTA,5VYOCG8,456OLU0M4642GA83J0YTA,5E2C0S96Y1HHQPJGY,182WWP8P
456OLU0M4642GA83J0YTA,5VYOCG8,456OLU0M4642GA83J0YTA,5VYOCG8,182WWP8P
456OLU0M4642GA83J0YTA,5VYOCG8,456OLU0M4642GA83J0YTA,DZWED04MKKHO0P,182WWP8P
456OLU0M4642GA83J0YTA,5VYOCG8,4CHKZ57R2KYW6WE,5E2C0S96Y1HHQPJGY,182WWP8P
456OLU0M4642GA83J0YTA,5VYOCG8,4CHKZ57R2KYW6WE,5VYOCG8,182WWP8P
456OLU0M4642GA83J0YTA,5VYOCG8,4CHKZ57R2KYW6WE,DZWED04MKKHO0P,182WWP8P
456OLU0M4642GA83J0YTA,5VYOCG8,6HVUFSTG2RAP91,5E2C0S96Y1HHQPJGY,182WWP8P
456OLU0M4642GA83J0YTA,5VYOCG8,6HVUFSTG2RAP91,5VYOCG8,182WWP8P
456OLU0M4642GA83J0YTA,5VYOCG8,6HVUFSTG2RAP91,DZWED04MKKHO0P,182WWP8P
456OLU0M4642GA83J0YTA,D1RI35444B18LRVH,37FJOZGMRA,A3UQBZ81Z,182WWP8P
456OLU0M4642GA83J0YTA,DZWED04MKKHO0P,138HHEDQ,EE0H6N5OVRQ38J5PS,182WWP8P
456OLU0M4642GA83J0YTA,DZWED04MKKHO0P,138HHEDQ,EE0H6N5OVRQ38J5PS,182WWP8P
456OLU0M4642GA83J0YTA,DZWED04MKKHO0P,138HHEDQ,EE0H6N5OVRQ38J5PS,182WWP8P
4CHKZ57R2KYW6WE,A3UQBZ81Z,5VYOCG8,1QE5G22,7YE98MV2S81Q64M5KRTL
4CHKZ57R2KYW6WE,A3UQBZ81Z,5VYOCG8,1QE5G22,DITRNPKVAYKY25N1RR
4CHKZ57R2KYW6WE,A3UQBZ81Z,5VYOCG8,32HBUOSMF1U2JNXKOU6N,7YE98MV2S81Q64M5KRTL
4CHKZ57R2KYW6WE,A3UQBZ81Z,5VYOCG8,32HBUOSMF1U2JNXKOU6N,DITRNPKVAYKY25N1RR
4CHKZ57R2KYW6WE,A3UQBZ81Z,5VYOCG8,456OLU0M4642GA83J0YTA,7YE98MV2S81Q64M5KRTL
4CHKZ57R2KYW6WE,A3UQBZ81Z,5VYOCG8,456OLU0M4642GA83J0YTA,DITRNPKVAYKY25N1RR
4CHKZ57R2KYW6WE,A3UQBZ81Z,5VYOCG8,4VODMC8KFU6P9,7YE98MV2S81Q64M5KRTL
4CHKZ57R2KYW6WE,A3UQBZ81Z,5VYOCG8,4VODMC8KFU6P9,7YE98MV2S81Q64M5KRTL
4CHKZ57R2KYW6WE,A3UQBZ81Z,5VYOCG8,4VODMC8KFU6P9,DITRNPKVAYKY25N1RR
4CHKZ57R2KYW6WE,A3UQBZ81Z,5VYOCG8,4VODMC8KFU6P9,DITRNPKVAYKY25N1RR
4CHKZ57R2KYW6WE,A3UQBZ81Z,5VYOCG8,52BAJMJ29S4J2JWPXPAV6,7YE98MV2S81Q64M5KRTL
4CHKZ57R2KYW6WE,A3UQBZ81Z,5VYOCG8,52BAJMJ29S4J2JWPXPAV6,DITRNPKVAYKY25N1RR
4CHKZ57R2KYW6WE,A3UQBZ81Z,5VYOCG8,7XHMJ6NHBEUR,7YE98MV2S81Q64M5KRTL
4CHKZ57R2KYW6WE,A3UQBZ81Z,5VYOCG8,7XHMJ6NHBEUR,DITRNPKVAYKY25N1RR
4CHKZ57R2KYW6WE,A3UQBZ81Z,70DWWL3GR,1QE5G22,7YE98MV2S81Q64M5KRTL
4CHKZ57R2KYW6WE,A3UQBZ81Z,70DWWL3GR,1QE5G22,DITRNPKVAYKY25N1RR
4CHKZ57R2KYW6WE,A3UQBZ81Z,70DWWL3GR,32HBUOSMF1U2JNXKOU6N,7YE98MV2S81Q64M5KRTL
4CHKZ57R2KYW6WE,A3UQBZ81Z,70DWWL3GR,32HBUOSMF1U2JNXKOU6N,DITRNPKVAYKY25N1RR
4CHKZ57R2KYW6WE,A3UQBZ81Z,70DWWL3GR,456OLU0M4642GA83J0YTA,7YE98MV2S81Q64M5KRTL
4CHKZ57R2KYW6WE,A3UQBZ81Z,70DWWL3GR,456OLU0M4642GA83J0YTA,DITRNPKVAYKY25N1RR
4CHKZ57R2KYW6WE,A3UQBZ81Z,70DWWL3GR,4VODMC8KFU6P9,7YE98MV2S81Q64M5KRTL
4CHKZ57R2KYW6WE,A3UQBZ81Z,70DWWL3GR,4VODMC8KFU6P9,7YE98MV2S81Q64M5KRTL
4CHKZ57R2KYW6WE,A3UQBZ81Z,70DWWL3GR,4VODMC8KFU6P9,DITRNPKVAYKY25N1RR
4CHKZ57R2KYW6WE,A3UQBZ81Z,70DWWL3GR,4VODMC8KFU6P9,DITRNPKVAYKY25N1RR
4CHKZ57R2KYW6WE,A3UQBZ81Z,70DWWL3GR,52BAJMJ29S4J2JWPXPAV6,7YE98MV2S81Q64M5KRTL
4CHKZ57R2KYW6WE,A3UQBZ81Z,70DWWL3GR,52BAJMJ29S4J2JWPXPAV6,DITRNPKVAYKY25N1RR
4CHKZ57R2KYW6WE,A3UQBZ81Z,70DWWL3GR,7XHMJ6NHBEUR,7YE98MV2S81Q64M5KRTL
4CHKZ57R2KYW6WE,A3UQBZ81Z,70DWWL3GR,7XHMJ6NHBEUR,DITRNPKVAYKY25N1RR
4CHKZ57R2KYW6WE,A3UQBZ81Z,A3UQBZ81Z,1QE5G22,7YE98MV2S81Q64M5KRTL
4CHKZ57R2KYW6WE,A3UQBZ81Z,A3UQBZ81Z,1QE5G22,DITRNPKVAYKY25N1RR
4CHKZ57R2KYW6WE,A3UQBZ81Z,A3UQBZ81Z,32HBUOSMF1U2JNXKOU6N,7YE98MV2S81Q64M5KRTL
4CHKZ57R2KYW6WE,A3UQBZ81Z,A3UQBZ81Z,32HBUOSMF1U2JNXKOU6N,DITRNPKVAYKY25N1RR
4CHKZ57R2KYW6WE,A3UQBZ81Z,A3UQBZ81Z,456OLU0M4642GA83J0YTA,7YE98MV2S81Q64M5KRTL
4CHKZ57R2KYW6WE,A3UQBZ81Z,A3UQBZ81Z,456OLU0M4642GA83J0YTA,DITRNPKVAYKY25N1RR
4CHKZ57R2KYW6WE,A3UQBZ81Z,A3UQBZ81Z,4VODMC8KFU6P9,7YE98MV2S81Q64M5KRTL
4CHKZ57R2KYW6WE,A3UQBZ81Z,A3UQBZ81Z,4VODMC8KFU6P9,7YE98MV2S81Q64M5KRTL
4CHKZ57R2KYW6WE,A3UQBZ81Z,A3UQBZ81Z,4VODMC8KFU6P9,DITRNPKVAYKY25N1RR
4CHKZ57R2KYW6WE,A3UQBZ81Z,A3UQBZ81Z,4VODMC8KFU6P9,DITRNPKVAYKY25N1RR
4CHKZ57R2KYW6WE,A3UQBZ81Z,A3UQBZ81Z,52BAJMJ29S4J2JWPXPAV6,7YE98MV2S81Q64M5KRTL
4CHKZ57R2KYW6WE,A3UQBZ81Z,A3UQBZ81Z,52BAJMJ29S4J2JWPXPAV6,DITRNPKVAYKY25N1RR
4CHKZ57R2KYW6WE,A3UQBZ81Z,A3UQBZ81Z,7XHMJ6NHBEUR,7YE98MV2S81Q64M5KRTL
4CHKZ57R2KYW6WE,A3UQBZ81Z,A3UQBZ81Z,7XHMJ6NHBEUR,DITRNPKVAYKY25N1RR
4CHKZ57R2KYW6WE,A3UQBZ81Z,CXC60QMH6JN,1QE5G22,7YE98MV2S81Q64M5KRTL
4CHKZ57R2KYW6WE,A3UQBZ81Z,CXC60QMH6JN,1QE5G22,DITRNPKVAYKY25N1RR
4CHKZ57R2KYW6WE,A3UQBZ81Z,CXC60QMH6JN,32HBUOSMF1U2JNXKOU6N,7YE98MV2S81Q64M5KRTL
4CHKZ57R2KYW6WE,A3UQBZ81Z,CXC60QMH6JN,32HBUOSMF1U2JNXKOU6N,DITRNPKVAYKY25N1RR
4CHKZ57R2KYW6WE,A3UQBZ81Z,CXC60QMH6JN,456OLU0M4642GA83J0YTA,7YE98MV2S81Q64M5KRTL
4CHKZ57R2KYW6WE,A3UQBZ81Z,CXC60QMH6JN,456OLU0M4642GA83J0YTA,DITRNPKVAYKY25N1RR
4CHKZ57R2KYW6WE,A3UQBZ81Z,CXC60QMH6JN,4VODMC8KFU6P9,7YE98MV2S81Q64M5KRTL
4CHKZ57R2KYW6WE,A3UQBZ81Z,CXC60QMH6JN,4VODMC8KFU6P9,7YE98MV2S81Q64M5KRTL
4CHKZ57R2KYW6WE,A3UQBZ81Z,CXC60QMH6JN,4VODMC8KFU6P9,DITRNPKVAYKY25N1RR
4CHKZ57R2KYW6WE,A3UQBZ81Z,CXC60QMH6JN,4VODMC8KFU6P9,DITRNPKVAYKY25N1RR
4CHKZ57R2KYW6WE,A3UQBZ81Z,CXC60QMH6JN,52BAJMJ29S4J2JWPXPAV6,7YE98MV2S81Q64M5KRTL
4CHKZ57R2KYW6WE,A3UQBZ81Z,CXC60QMH6JN,52BAJMJ29S4J2JWPXPAV6,DITRNPKVAYKY25N1RR
4CHKZ57R2KYW6WE,A3UQBZ81Z,CXC60QMH6JN,7XHMJ6NHBEUR,7YE98MV2S81Q64M5KRTL
4CHKZ57R2KYW6WE,A3UQBZ81Z,CXC60QMH6JN,7XHMJ6NHBEUR,DITRNPKVAYKY25N1RR
4KI9OUYJKS9D,86PMJBVCQMZ07Q0KM8QOAP,68YEBYW2YTTIN7JO,5E2C0S96Y1HHQPJGY,5VYOCG8
4KI9OUYJKS9D,86PMJBVCQMZ07Q0KM8QOAP,68YEBYW2YTTIN7JO,5E2C0S96Y1HHQPJGY,A65S6HQM9UKND7XTRR
4KI9OUYJKS9D,86PMJBVCQMZ07Q0KM8QOAP,68YEBYW2YTTIN7JO,5E2C0S96Y1HHQPJGY,DL0U0IXLK6
4KI9OUYJKS9D,86PMJBVCQMZ07Q0KM8QOAP,68YEBYW2YTTIN7JO,5E2C0S96Y1HHQPJGY,DZWED04MKKHO0P
4KI9OUYJKS9D,86PMJBVCQMZ07Q0KM8QOAP,68YEBYW2YTTIN7JO,BUXZYGF8F3ZPW,5VYOCG8
4KI9OUYJKS9D,86PMJBVCQMZ07Q0KM8QOAP,68YEBYW2YTTIN7JO,BUXZYGF8F3ZPW,A65S6HQM9UKND7XTRR
4KI9OUYJKS9D,86PMJBVCQMZ07Q0KM8QOAP,68YEBYW2YTTIN7JO,BUXZYGF8F3ZPW,DL0U0IXLK6
4KI9OUYJKS9D,86PMJBVCQMZ07Q0KM8QOAP,68YEBYW2YTTIN7JO,BUXZYGF8F3ZPW,DZWED04MKKHO0P
4KI9OUYJKS9D,86PMJBVCQMZ07Q0KM8QOAP,68YEBYW2YTTIN7JO,BZVVMZFOJV,5VYOCG8
4KI9OUYJKS9D,86PMJBVCQMZ07Q0KM8QOAP,68YEBYW2YTTIN7JO,BZVVMZFOJV,A65S6HQM9UKND7XTRR
4KI9OUYJKS9D,86PMJBVCQMZ07Q0KM8QOAP,68YEBYW2YTTIN7JO,BZVVMZFOJV,DL0U0IXLK6
4KI9OUYJKS9D,86PMJBVCQMZ07Q0KM8QOAP,68YEBYW2YTTIN7JO,BZVVMZFOJV,DZWED04MKKHO0P
4KI9OUYJKS9D,86PMJBVCQMZ07Q0KM8QOAP,68YEBYW2YTTIN7JO,C9UADCYR,5VYOCG8
4KI9OUYJKS9D,86PMJBVCQMZ07Q0KM8QOAP,68YEBYW2YTTIN7JO,C9UADCYR,A65S6HQM9UKND7XTRR
4KI9OUYJKS9D,86PMJBVCQMZ07Q0KM8QOAP,68YEBYW2YTTIN7JO,C9UADCYR,DL0U0IXLK6
4KI9OUYJKS9D,86PMJBVCQMZ07Q0KM8QOAP,68YEBYW2YTTIN7JO,C9UADCYR,DZWED04MKKHO0P
4KI9OUYJKS9D,86PMJBVCQMZ07Q0KM8QOAP,7XHMJ6NHBEUR,5E2C0S96Y1HHQPJGY,5VYOCG8
4KI9OUYJKS9D,86PMJBVCQMZ07Q0KM8QOAP,7XHMJ6NHBEUR,5E2C0S96Y1HHQPJGY,A65S6HQM9UKND7XTRR
4KI9OUYJKS9D,86PMJBVCQMZ07Q0KM8QOAP,7XHMJ6NHBEUR,5E2C0S96Y1HHQPJGY,DL0U0IXLK6
4KI9OUYJKS9D,86PMJBVCQMZ07Q0KM8QOAP,7XHMJ6NHBEUR,5E2C0S96Y1HHQPJGY,DZWED04MKKHO0P
4KI9OUYJKS9D,86PMJBVCQMZ07Q0KM8QOAP,7XHMJ6NHBEUR,BUXZYGF8F3ZPW,5VYOCG8
4KI9OUYJKS9D,86PMJBVCQMZ07Q0KM8QOAP,7XHMJ6NHBEUR,BUXZYGF8F3ZPW,A65S6HQM9UKND7XTRR
4KI9OUYJKS9D,86PMJBVCQMZ07Q0KM8QOAP,7XHMJ6NHBEUR,BUXZYGF8F3ZPW,DL0U0IXLK6
4KI9OUYJKS9D,86PMJBVCQMZ07Q0KM8QOAP,7XHMJ6NHBEUR,BUXZYGF8F3ZPW,DZWED04MKKHO0P
4KI9OUYJKS9D,86PMJBVCQMZ07Q0KM8QOAP,7XHMJ6NHBEUR,BZVVMZFOJV,5VYOCG8
4KI9OUYJKS9D,86PMJBVCQMZ07Q0KM8QOAP,7XHMJ6NHBEUR,BZVVMZFOJV,A65S6HQM9UKND7XTRR
4KI9OUYJKS9D,86PMJBVCQMZ07Q0KM8QOAP,7XHMJ6NHBEUR,BZVVMZFOJV,DL0U0IXLK6
4KI9OUYJKS9D,86PMJBVCQMZ07Q0KM8QOAP,7XHMJ6NHBEUR,BZVVMZFOJV,DZWED04MKKHO0P
4KI9OUYJKS9D,86PMJBVCQMZ07Q0KM8QOAP,7XHMJ6NHBEUR,C9UADCYR,5VYOCG8
4KI9OUYJKS9D,86PMJBVCQMZ07Q0KM8QOAP,7XHMJ6NHBEUR,C9UADCYR,A65S6HQM9UKND7XTRR
4KI9OUYJKS9D,86PMJBVCQMZ07Q0KM8QOAP,7XHMJ6NHBEUR,C9UADCYR,DL0U0IXLK6
4KI9OUYJKS9D,86PMJBVCQMZ07Q0KM8QOAP,7XHMJ6NHBEUR,C9UADCYR,DZWED04MKKHO0P
4KI9OUYJKS9D,86PMJBVCQMZ07Q0KM8QOAP,AFESECFUI8DNN5HVT7L,5E2C0S96Y1HHQPJGY,5VYOCG8
4KI9OUYJKS9D,86PMJBVCQMZ07Q0KM8QOAP,AFESECFUI8DNN5HVT7L,5E2C0S96Y1HHQPJGY,A65S6HQM9UKND7XTRR
4KI9OUYJKS9D,86PMJBVCQMZ07Q0KM8QOAP,AFESECFUI8DNN5HVT7L,5E2C0S96Y1HHQPJGY,DL0U0IXLK6
4KI9OUYJKS9D,86PMJBVCQMZ07Q0KM8QOAP,AFESECFUI8DNN5HVT7L,5E2C0S96Y1HHQPJGY,DZWED04MKKHO0P
4KI9OUYJKS9D,86PMJBVCQMZ07Q0KM8QOAP,AFESECFUI8DNN5HVT7L,BUXZYGF8F3ZPW,5VYOCG8
4KI9OUYJKS9D,86PMJBVCQMZ07Q0KM8QOAP,AFESECFUI8DNN5HVT7L,BUXZYGF8F3ZPW,A65S6HQM9UKND7XTRR
4KI9OUYJKS9D,86PMJBVCQMZ07Q0KM8QOAP,AFESECFUI8DNN5HVT7L,BUXZYGF8F3ZPW,DL0U0IXLK6
4KI9OUYJKS9D,86PMJBVCQMZ07Q0KM8QOAP,AFESECFUI8DNN5HVT7L,BUXZYGF8F3ZPW,DZWED04MKKHO0P
4KI9OUYJKS9D,86PMJBVCQMZ07Q0KM8QOAP,AFESECFUI8DNN5HVT7L,BZVVMZFOJV,5VYOCG8
4KI9OUYJKS9D,86PMJBVCQMZ07Q0KM8QOAP,AFESECFUI8DNN5HVT7L,BZVVMZFOJV,A65S6HQM9UKND7XTRR
4KI9OUYJKS9D,86PMJBVCQMZ07Q0KM8QOAP,AFESECFUI8DNN5HVT7L,BZVVMZFOJV,DL0U0IXLK6
4KI9OUYJKS9D,86PMJBVCQMZ07Q0KM8QOAP,AFESECFUI8DNN5HVT7L,BZVVMZFOJV,DZWED04MKKHO0P
4KI9OUYJKS9D,86PMJBVCQMZ07Q0KM8QOAP,AFESECFUI8DNN5HVT7L,C9UADCYR,5VYOCG8
4KI9OUYJKS9D,86PMJBVCQMZ07Q0KM8QOAP,AFESECFUI8DNN5HVT7L,C9UADCYR,A65S6HQM9UKND7XTRR
4KI9OUYJKS9D,86PMJBVCQMZ07Q0KM8QOAP,AFESECFUI8DNN5HVT7L,C9UADCYR,DL0U0IXLK6
4KI9OUYJKS9D,86PMJBVCQMZ07Q0KM8QOAP,AFESECFUI8DNN5HVT7L,C9UADCYR,DZWED04MKKHO0P
4VODMC8KFU6P9,68YEBYW2YTTIN7JO,6NNXLOTW1BMWR6QW4CX,6NNXLOTW1BMWR6QW4CX,DZWED04MKKHO0P
4VODMC8KFU6P9,68YEBYW2YTTIN7JO,6NNXLOTW1BMWR6QW4CX,6NNXLOTW1BMWR6QW4CX,DZWED04MKKHO0P
4VODMC8KFU6P9,68YEBYW2YTTIN7JO,6NNXLOTW1BMWR6QW4CX,DL0U0IXLK6,DZWED04MKKHO0P
4VODMC8KFU6P9,68YEBYW2YTTIN7JO,6NNXLOTW1BMWR6QW4CX,DW24C3DN167IIFH1IA7VY9,DZWED04MKKHO0P
4VODMC8KFU6P9,7YE98MV2S81Q64M5KRTL,BFLE33HHDPM,4CHKZ57R2KYW6WE,DZWED04MKKHO0P
4VODMC8KFU6P9,7YE98MV2S81Q64M5KRTL,BFLE33HHDPM,BFLE33HHDPM,DZWED04MKKHO0P
4VODMC8KFU6P9,7YE98MV2S81Q64M5KRTL,BFLE33HHDPM,DITRNPKVAYKY25N1RR,DZWED04MKKHO0P
4VODMC8KFU6P9,D1RI35444B18LRVH,37FJOZGMRA,A3UQBZ81Z,DZWED04MKKHO0P
52BAJMJ29S4J2JWPXPAV6,68YEBYW2YTTIN7JO,6NNXLOTW1BMWR6QW4CX,6NNXLOTW1BMWR6QW4CX,1J92WYKXQN3E47F
52BAJMJ29S4J2JWPXPAV6,68YEBYW2YTTIN7JO,6NNXLOTW1BMWR6QW4CX,6NNXLOTW1BMWR6QW4CX,1J92WYKXQN3E47F
52BAJMJ29S4J2JWPXPAV6,68YEBYW2YTTIN7JO,6NNXLOTW1BMWR6QW4CX,DL0U0IXLK6,1J92WYKXQN3E47F
52BAJMJ29S4J2JWPXPAV6,68YEBYW2YTTIN7JO,6NNXLOTW1BMWR6QW4CX,DW24C3DN167IIFH1IA7VY9,1J92WYKXQN3E47F
52BAJMJ29S4J2JWPXPAV6,6NNXLOTW1BMWR6QW4CX,BUXZYGF8F3ZPW,70DWWL3GR,1J92WYKXQN3E47F
52BAJMJ29S4J2JWPXPAV6,6NNXLOTW1BMWR6QW4CX,BUXZYGF8F3ZPW,DITRNPKVAYKY25N1RR,1J92WYKXQN3E47F
52BAJMJ29S4J2JWPXPAV6,A65S6HQM9UKND7XTRR,BZVVMZFOJV,CXC60QMH6JN,1J92WYKXQN3E47F
5E2C0S96Y1HHQPJGY,7YE98MV2S81Q64M5KRTL,BFLE33HHDPM,4CHKZ57R2KYW6WE,4CHKZ57R2KYW6WE
5E2C0S96Y1HHQPJGY,7YE98MV2S81Q64M5KRTL,BFLE33HHDPM,4CHKZ57R2KYW6WE,5JCSQQMS0KE6XK74
5E2C0S96Y1HHQPJGY,7YE98MV2S81Q64M5KRTL,BFLE33HHDPM,4CHKZ57R2KYW6WE,6HVUFSTG2RAP91
5E2C0S96Y1HHQPJGY,7YE98MV2S81Q64M5KRTL,BFLE33HHDPM,4CHKZ57R2KYW6WE,BZVVMZFOJV
5E2C0S96Y1HHQPJGY,7YE98MV2S81Q64M5KRTL,BFLE33HHDPM,BFLE33HHDPM,4CHKZ57R2KYW6WE
5E2C0S96Y1HHQPJGY,7YE98MV2S81Q64M5KRTL,BFLE33HHDPM,BFLE33HHDPM,5JCSQQMS0KE6XK74
5E2C0S96Y1HHQPJGY,7YE98MV2S81Q64M5KRTL,BFLE33HHDPM,BFLE33HHDPM,6HVUFSTG2RAP91
5E2C0S96Y1HHQPJGY,7YE98MV2S81Q64M5KRTL,BFLE33HHDPM,BFLE33HHDPM,BZVVMZFOJV
5E2C0S96Y1HHQPJGY,7YE98MV2S81Q64M5KRTL,BFLE33HHDPM,DITRNPKVAYKY25N1RR,4CHKZ57R2KYW6WE
5E2C0S96Y1HHQPJGY,7YE98MV2S81Q64M5KRTL,BFLE33HHDPM,DITRNPKVAYKY25N1RR,5JCSQQMS0KE6XK74
5E2C0S96Y1HHQPJGY,7YE98MV2S81Q64M5KRTL,BFLE33HHDPM,DITRNPKVAYKY25N1RR,6HVUFSTG2RAP91
5E2C0S96Y1HHQPJGY,7YE98MV2S81Q64M5KRTL,BFLE33HHDPM,DITRNPKVAYKY25N1RR,BZVVMZFOJV
5E2C0S96Y1HHQPJGY,DITRNPKVAYKY25N1RR,6HVUFSTG2RAP91,2YGTDR1AZM22I73HVE,4CHKZ57R2KYW6WE
5E2C0S96Y1HHQPJGY,DITRNPKVAYKY25N1RR,6HVUFSTG2RAP91,2YGTDR1AZM22I73HVE,5JCSQQMS0KE6XK74
5E2C0S96Y1HHQPJGY,DITRNPKVAYKY25N1RR,6HVUFSTG2RAP91,2YGTDR1AZM22I73HVE,6HVUFSTG2RAP91
5E2C0S96Y1HHQPJGY,DITRNPKVAYKY25N1RR,6HVUFSTG2RAP91,2YGTDR1AZM22I73HVE,BZVVMZFOJV
5E2C0S96Y1HHQPJGY,DITRNPKVAYKY25N1RR,6HVUFSTG2RAP91,A3UQBZ81Z,4CHKZ57R2KYW6WE
5E2C0S96Y1HHQPJGY,DITRNPKVAYKY25N1RR,6HVUFSTG2RAP91,A3UQBZ81Z,5JCSQQMS0KE6XK74
5E2C0S96Y1HHQPJGY,DITRNPKVAYKY25N1RR,6HVUFSTG2RAP91,A3UQBZ81Z,6HVUFSTG2RAP91
5E2C0S96Y1HHQPJGY,DITRNPKVAYKY25N1RR,6HVUFSTG2RAP91,A3UQBZ81Z,BZVVMZFOJV
5E2C0S96Y1HHQPJGY,DITRNPKVAYKY25N1RR,BUXZYGF8F3ZPW,2YGTDR1AZM22I73HVE,4CHKZ57R2KYW6WE
5E2C0S96Y1HHQPJGY,DITRNPKVAYKY25N1RR,BUXZYGF8F3ZPW,2YGTDR1AZM22I73HVE,5JCSQQMS0KE6XK74
5E2C0S96Y1HHQPJGY,DITRNPKVAYKY25N1RR,BUXZYGF8F3ZPW,2YGTDR1AZM22I73HVE,6HVUFSTG2RAP91
5E2C0S96Y1HHQPJGY,DITRNPKVAYKY25N1RR,BUXZYGF8F3ZPW,2YGTDR1AZM22I73HVE,BZVVMZFOJV
5E2C0S96Y1HHQPJGY,DITRNPKVAYKY25N1RR,BUXZYGF8F3ZPW,A3UQBZ81Z,4CHKZ57R2KYW6WE
5E2C0S96Y1HHQPJGY,DITRNPKVAYKY25N1RR,BUXZYGF8F3ZPW,A3UQBZ81Z,5JCSQQMS0KE6XK74
5E2C0S96Y1HHQPJGY,DITRNPKVAYKY25N1RR,BUXZYGF8F3ZPW,A3UQBZ81Z,6HVUFSTG2RAP91
5E2C0S96Y1HHQPJGY,DITRNPKVAYKY25N1RR,BUXZYGF8F3ZPW,A3UQBZ81Z,BZVVMZFOJV
5G7GX1657BXD8VC8HOXFKI,DL0U0IXLK6,C9UADCYR,52BAJMJ29S4J2JWPXPAV6,37FJOZGMRA
5G7GX1657BXD8VC8HOXFKI,DL0U0IXLK6,C9UADCYR,52BAJMJ29S4J2JWPXPAV6,37FJOZGMRA
5G7GX1657BXD8VC8HOXFKI,DL0U0IXLK6,C9UADCYR,52BAJMJ29S4J2JWPXPAV6,456OLU0M4642GA83J0YTA
5G7GX1657BXD8VC8HOXFKI,DL0U0IXLK6,C9UADCYR,52BAJMJ29S4J2JWPXPAV6,456OLU0M4642GA83J0YTA
5G7GX1657BXD8VC8HOXFKI,DL0U0IXLK6,C9UADCYR,52BAJMJ29S4J2JWPXPAV6,6HVUFSTG2RAP91
5G7GX1657BXD8VC8HOXFKI,DL0U0IXLK6,C9UADCYR,52BAJMJ29S4J2JWPXPAV6,6HVUFSTG2RAP91
5G7GX1657BXD8VC8HOXFKI,DL0U0IXLK6,C9UADCYR,A65S6HQM9UKND7XTRR,37FJOZGMRA
5G7GX1657BXD8VC8HOXFKI,DL0U0IXLK6,C9UADCYR,A65S6HQM9UKND7XTRR,37FJOZGMRA
5G7GX1657BXD8VC8HOXFKI,DL0U0IXLK6,C9UADCYR,A65S6HQM9UKND7XTRR,456OLU0M4642GA83J0YTA
5G7GX1657BXD8VC8HOXFKI,DL0U0IXLK6,C9UADCYR,A65S6HQM9UKND7XTRR,456OLU0M4642GA83J0YTA
5G7GX1657BXD8VC8HOXFKI,DL0U0IXLK6,C9UADCYR,A65S6HQM9UKND7XTRR,6HVUFSTG2RAP91
5G7GX1657BXD8VC8HOXFKI,DL0U0IXLK6,C9UADCYR,A65S6HQM9UKND7XTRR,6HVUFSTG2RAP91
5JCSQQMS0KE6XK74,7VX6MZ75G,5VYOCG8,CRTL7JDI6MVYUD5U,6NNXLOTW1BMWR6QW4CX
5JCSQQMS0KE6XK74,7VX6MZ75G,5VYOCG8,CRTL7JDI6MVYUD5U,BWED1C4O06NH
5JCSQQMS0KE6XK74,7VX6MZ75G,CRTL7JDI6MVYUD5U,CRTL7JDI6MVYUD5U,6NNXLOTW1BMWR6QW4CX
5JCSQQMS0KE6XK74,7VX6MZ75G,CRTL7JDI6MVYUD5U,CRTL7JDI6MVYUD5U,BWED1C4O06NH
5JCSQQMS0KE6XK74,D1RI35444B18LRVH,37FJOZGMRA,A3UQBZ81Z,6NNXLOTW1BMWR6QW4CX
5JCSQQMS0KE6XK74,D1RI35444B18LRVH,37FJOZGMRA,A3UQBZ81Z,BWED1C4O06NH
6656V0VMVHECEU,37FJOZGMRA,5E2C0S96Y1HHQPJGY,70DWWL3GR,1J92WYKXQN3E47F
6656V0VMVHECEU,37FJOZGMRA,5E2C0S96Y1HHQPJGY,70DWWL3GR,BWED1C4O06NH
6656V0VMVHECEU,37FJOZGMRA,6HVUFSTG2RAP91,70DWWL3GR,1J92WYKXQN3E47F
6656V0VMVHECEU,37FJOZGMRA,6HVUFSTG2RAP91,70DWWL3GR,BWED1C4O06NH
6656V0VMVHECEU,37FJOZGMRA,7ZVOR4MECP8SB,70DWWL3GR,1J92WYKXQN3E47F
6656V0VMVHECEU,37FJOZGMRA,7ZVOR4MECP8SB,70DWWL3GR,BWED1C4O06NH
6656V0VMVHECEU,BFLE33HHDPM,37FJOZGMRA,C9UADCYR,1J92WYKXQN3E47F
6656V0VMVHECEU,BFLE33HHDPM,37FJOZGMRA,C9UADCYR,BWED1C4O06NH
6656V0VMVHECEU,BFLE33HHDPM,8LWNNURN0L2ED0EPV5DX,C9UADCYR,1J92WYKXQN3E47F
6656V0VMVHECEU,BFLE33HHDPM,8LWNNURN0L2ED0EPV5DX,C9UADCYR,BWED1C4O06NH
6656V0VMVHECEU,BFLE33HHDPM,AFESECFUI8DNN5HVT7L,C9UADCYR,1J92WYKXQN3E47F
6656V0VMVHECEU,BFLE33HHDPM,AFESECFUI8DNN5HVT7L,C9UADCYR,BWED1C4O06NH
6656V0VMVHECEU,BFLE33HHDPM,BFLE33HHDPM,C9UADCYR,1J92WYKXQN3E47F
6656V0VMVHECEU,BFLE33HHDPM,BFLE33HHDPM,C9UADCYR,BWED1C4O06NH
6656V0VMVHECEU,BFLE33HHDPM,DW24C3DN167IIFH1IA7VY9,C9UADCYR,1J92WYKXQN3E47F
6656V0VMVHECEU,BFLE33HHDPM,DW24C3DN167IIFH1IA7VY9,C9UADCYR,BWED1C4O06NH
70DWWL3GR,BUXZYGF8F3ZPW,5JCSQQMS0KE6XK74,8LWNNURN0L2ED0EPV5DX,5JCSQQMS0KE6XK74
70DWWL3GR,BUXZYGF8F3ZPW,5JCSQQMS0KE6XK74,8LWNNURN0L2ED0EPV5DX,5JCSQQMS0KE6XK74
70DWWL3GR,BUXZYGF8F3ZPW,5JCSQQMS0KE6XK74,8LWNNURN0L2ED0EPV5DX,BFLE33HHDPM
7VX6MZ75G,1QE5G22,6HVUFSTG2RAP91,A65S6HQM9UKND7XTRR,6656V0VMVHECEU
7XHMJ6NHBEUR,8LV4F6TM2YLSO4QY4TP,AFESECFUI8DNN5HVT7L,182WWP8P,37FJOZGMRA
7XHMJ6NHBEUR,8LV4F6TM2YLSO4QY4TP,AFESECFUI8DNN5HVT7L,182WWP8P,37FJOZGMRA
7XHMJ6NHBEUR,8LV4F6TM2YLSO4QY4TP,AFESECFUI8DNN5HVT7L,182WWP8P,70DWWL3GR
7XHMJ6NHBEUR,8LV4F6TM2YLSO4QY4TP,AFESECFUI8DNN5HVT7L,182WWP8P,70DWWL3GR
7XHMJ6NHBEUR,8LV4F6TM2YLSO4QY4TP,AFESECFUI8DNN5HVT7L,BZVVMZFOJV,37FJOZGMRA
7XHMJ6NHBEUR,8LV4F6TM2YLSO4QY4TP,AFESECFUI8DNN5HVT7L,BZVVMZFOJV,37FJOZGMRA
7XHMJ6NHBEUR,8LV4F6TM2YLSO4QY4TP,AFESECFUI8DNN5HVT7L,BZVVMZFOJV,70DWWL3GR
7XHMJ6NHBEUR,8LV4F6TM2YLSO4QY4TP,AFESECFUI8DNN5HVT7L,BZVVMZFOJV,70DWWL3GR
7XHMJ6NHBEUR,BFLE33HHDPM,37FJOZGMRA,C9UADCYR,37FJOZGMRA
7XHMJ6NHBEUR,BFLE33HHDPM,37FJOZGMRA,C9UADCYR,70DWWL3GR
7XHMJ6NHBEUR,BFLE33HHDPM,8LWNNURN0L2ED0EPV5DX,C9UADCYR,37FJOZGMRA
7XHMJ6NHBEUR,BFLE33HHDPM,8LWNNURN0L2ED0EPV5DX,C9UADCYR,70DWWL3GR
7XHMJ6NHBEUR,BFLE33HHDPM,AFESECFUI8DNN5HVT7L,C9UADCYR,37FJOZGMRA
7XHMJ6NHBEUR,BFLE33HHDPM,AFESECFUI8DNN5HVT7L,C9UADCYR,70DWWL3GR
7XHMJ6NHBEUR,BFLE33HHDPM,BFLE33HHDPM,C9UADCYR,37FJOZGMRA
7XHMJ6NHBEUR,BFLE33HHDPM,BFLE33HHDPM,C9UADCYR,70DWWL3GR
7XHMJ6NHBEUR,BFLE33HHDPM,DW24C3DN167IIFH1IA7VY9,C9UADCYR,37FJOZGMRA
7XHMJ6NHBEUR,BFLE33HHDPM,DW24C3DN167IIFH1IA7VY9,C9UADCYR,70DWWL3GR
7ZVOR4MECP8SB,4VODMC8KFU6P9,DZWED04MKKHO0P,C9UADCYR,6NNXLOTW1BMWR6QW4CX
7ZVOR4MECP8SB,4VODMC8KFU6P9,DZWED04MKKHO0P,D1RI35444B18LRVH,6NNXLOTW1BMWR6QW4CX
7ZVOR4MECP8SB,4VODMC8KFU6P9,DZWED04MKKHO0P,DW24C3DN167IIFH1IA7VY9,6NNXLOTW1BMWR6QW4CX
7ZVOR4MECP8SB,A3UQBZ81Z,5VYOCG8,1QE5G22,6NNXLOTW1BMWR6QW4CX
7ZVOR4MECP8SB,A3UQBZ81Z,5VYOCG8,32HBUOSMF1U2JNXKOU6N,6NNXLOTW1BMWR6QW4CX
7ZVOR4MECP8SB,A3UQBZ81Z,5VYOCG8,456OLU0M4642GA83J0YTA,6NNXLOTW1BMWR6QW4CX
7ZVOR4MECP8SB,A3UQBZ81Z,5VYOCG8,4VODMC8KFU6P9,6NNXLOTW1BMWR6QW4CX
7ZVOR4MECP8SB,A3UQBZ81Z,5VYOCG8,4VODMC8KFU6P9,6NNXLOTW1BMWR6QW4CX
7ZVOR4MECP8SB,A3UQBZ81Z,5VYOCG8,52BAJMJ29S4J2JWPXPAV6,6NNXLOTW1BMWR6QW4CX
7ZVOR4MECP8SB,A3UQBZ81Z,5VYOCG8,7XHMJ6NHBEUR,6NNXLOTW1BMWR6QW4CX
7ZVOR4MECP8SB,A3UQBZ81Z,70DWWL3GR,1QE5G22,6NNXLOTW1BMWR6QW4CX
7ZVOR4MECP8SB,A3UQBZ81Z,70DWWL3GR,32HBUOSMF1U2JNXKOU6N,6NNXLOTW1BMWR6QW4CX
7ZVOR4MECP8SB,A3UQBZ81Z,70DWWL3GR,456OLU0M4642GA83J0YTA,6NNXLOTW1BMWR6QW4CX
7ZVOR4MECP8SB,A3UQBZ81Z,70DWWL3GR,4VODMC8KFU6P9,6NNXLOTW1BMWR6QW4CX
7ZVOR4MECP8SB,A3UQBZ81Z,70DWWL3GR,4VODMC8KFU6P9,6NNXLOTW1BMWR6QW4CX
7ZVOR4MECP8SB,A3UQBZ81Z,70DWWL3GR,52BAJMJ29S4J2JWPXPAV6,6NNXLOTW1BMWR6QW4CX
7ZVOR4MECP8SB,A3UQBZ81Z,70DWWL3GR,7XHMJ6NHBEUR,6NNXLOTW1BMWR6QW4CX
7ZVOR4MECP8SB,A3UQBZ81Z,A3UQBZ81Z,1QE5G22,6NNXLOTW1BMWR6QW4CX
7ZVOR4MECP8SB,A3UQBZ81Z,A3UQBZ81Z,32HBUOSMF1U2JNXKOU6N,6NNXLOTW1BMWR6QW4CX
7ZVOR4MECP8SB,A3UQBZ81Z,A3UQBZ81Z,456OLU0M4642GA83J0YTA,6NNXLOTW1BMWR6QW4CX
7ZVOR4MECP8SB,A3UQBZ81Z,A3UQBZ81Z,4VODMC8KFU6P9,6NNXLOTW1BMWR6QW4CX
7ZVOR4MECP8SB,A3UQBZ81Z,A3UQBZ81Z,4VODMC8KFU6P9,6NNXLOTW1BMWR6QW4CX
7ZVOR4MECP8SB,A3UQBZ81Z,A3UQBZ81Z,52BAJMJ29S4J2JWPXPAV6,6NNXLOTW1BMWR6QW4CX
7ZVOR4MECP8SB,A3UQBZ81Z,A3UQBZ81Z,7XHMJ6NHBEUR,6NNXLOTW1BMWR6QW4CX
7ZVOR4MECP8SB,A3UQBZ81Z,CXC60QMH6JN,1QE5G22,6NNXLOTW1BMWR6QW4CX
7ZVOR4MECP8SB,A3UQBZ81Z,CXC60QMH6JN,32HBUOSMF1U2JNXKOU6N,6NNXLOTW1BMWR6QW4CX
7ZVOR4MECP8SB,A3UQBZ81Z,CXC60QMH6JN,456OLU0M4642GA83J0YTA,6NNXLOTW1BMWR6QW4CX
7ZVOR4MECP8SB,A3UQBZ81Z,CXC60QMH6JN,4VODMC8KFU6P9,6NNXLOTW1BMWR6QW4CX
7ZVOR4MECP8SB,A3UQBZ81Z,CXC60QMH6JN,4VODMC8KFU6P9,6NNXLOTW1BMWR6QW4CX
7ZVOR4MECP8SB,A3UQBZ81Z,CXC60QMH6JN,52BAJMJ29S4J2JWPXPAV6,6NNXLOTW1BMWR6QW4CX
7ZVOR4MECP8SB,A3UQBZ81Z,CXC60QMH6JN,7XHMJ6NHBEUR,6NNXLOTW1BMWR6QW4CX
7ZVOR4MECP8SB,D1RI35444B18LRVH,37FJOZGMRA,A3UQBZ81Z,6NNXLOTW1BMWR6QW4CX
7ZVOR4MECP8SB,DW24C3DN167IIFH1IA7VY9,5C8ZDTNK4HLSTK6M3HDN3,138HHEDQ,6NNXLOTW1BMWR6QW4CX
7ZVOR4MECP8SB,DW24C3DN167IIFH1IA7VY9,5C8ZDTNK4HLSTK6M3HDN3,4CHKZ57R2KYW6WE,6NNXLOTW1BMWR6QW4CX
7ZVOR4MECP8SB,DW24C3DN167IIFH1IA7VY9,5C8ZDTNK4HLSTK6M3HDN3,52BAJMJ29S4J2JWPXPAV6,6NNXLOTW1BMWR6QW4CX
7ZVOR4MECP8SB,DW24C3DN167IIFH1IA7VY9,5C8ZDTNK4HLSTK6M3HDN3,6656V0VMVHECEU,6NNXLOTW1BMWR6QW4CX
7ZVOR4MECP8SB,DW24C3DN167IIFH1IA7VY9,5C8ZDTNK4HLSTK6M3HDN3,BFLE33HHDPM,6NNXLOTW1BMWR6QW4CX
7ZVOR4MECP8SB,DW24C3DN167IIFH1IA7VY9,7YE98MV2S81Q64M5KRTL,138HHEDQ,6NNXLOTW1BMWR6QW4CX
7ZVOR4MECP8SB,DW24C3DN167IIFH1IA7VY9,7YE98MV2S81Q64M5KRTL,4CHKZ57R2KYW6WE,6NNXLOTW1BMWR6QW4CX
7ZVOR4MECP8SB,DW24C3DN167IIFH1IA7VY9,7YE98MV2S81Q64M5KRTL,52BAJMJ29S4J2JWPXPAV6,6NNXLOTW1BMWR6QW4CX
7ZVOR4MECP8SB,DW24C3DN167IIFH1IA7VY9,7YE98MV2S81Q64M5KRTL,6656V0VMVHECEU,6NNXLOTW1BMWR6QW4CX
7ZVOR4MECP8SB,DW24C3DN167IIFH1IA7VY9,7YE98MV2S81Q64M5KRTL,BFLE33HHDPM,6NNXLOTW1BMWR6QW4CX
7ZVOR4MECP8SB,DW24C3DN167IIFH1IA7VY9,D2VYUMT63TRU879TB,138HHEDQ,6NNXLOTW1BMWR6QW4CX
7ZVOR4MECP8SB,DW24C3DN167IIFH1IA7VY9,D2VYUMT63TRU879TB,4CHKZ57R2KYW6WE,6NNXLOTW1BMWR6QW4CX
7ZVOR4MECP8SB,DW24C3DN167IIFH1IA7VY9,D2VYUMT63TRU879TB,52BAJMJ29S4J2JWPXPAV6,6NNXLOTW1BMWR6QW4CX
7ZVOR4MECP8SB,DW24C3DN167IIFH1IA7VY9,D2VYUMT63TRU879TB,6656V0VMVHECEU,6NNXLOTW1BMWR6QW4CX
7ZVOR4MECP8SB,DW24C3DN167IIFH1IA7VY9,D2VYUMT63TRU879TB,BFLE33HHDPM,6NNXLOTW1BMWR6QW4CX
86PMJBVCQMZ07Q0KM8QOAP,4VODMC8KFU6P9,DZWED04MKKHO0P,C9UADCYR,456OLU0M4642GA83J0YTA
86PMJBVCQMZ07Q0KM8QOAP,4VODMC8KFU6P9,DZWED04MKKHO0P,C9UADCYR,4VODMC8KFU6P9
86PMJBVCQMZ07Q0KM8QOAP,4VODMC8KFU6P9,DZWED04MKKHO0P,C9UADCYR,6NNXLOTW1BMWR6QW4CX
86PMJBVCQMZ07Q0KM8QOAP,4VODMC8KFU6P9,DZWED04MKKHO0P,C9UADCYR,7YE98MV2S81Q64M5KRTL
86PMJBVCQMZ07Q0KM8QOAP,4VODMC8KFU6P9,DZWED04MKKHO0P,C9UADCYR,F0KY5JJHJK0
86PMJBVCQMZ07Q0KM8QOAP,4VODMC8KFU6P9,DZWED04MKKHO0P,D1RI35444B18LRVH,456OLU0M4642GA83J0YTA
86PMJBVCQMZ07Q0KM8QOAP,4VODMC8KFU6P9,DZWED04MKKHO0P,D1RI35444B18LRVH,4VODMC8KFU6P9
86PMJBVCQMZ07Q0KM8QOAP,4VODMC8KFU6P9,DZWED04MKKHO0P,D1RI35444B18LRVH,6NNXLOTW1BMWR6QW4CX
86PMJBVCQMZ07Q0KM8QOAP,4VODMC8KFU6P9,DZWED04MKKHO0P,D1RI35444B18LRVH,7YE98MV2S81Q64M5KRTL
86PMJBVCQMZ07Q0KM8QOAP,4VODMC8KFU6P9,DZWED04MKKHO0P,D1RI35444B18LRVH,F0KY5JJHJK0
86PMJBVCQMZ07Q0KM8QOAP,4VODMC8KFU6P9,DZWED04MKKHO0P,DW24C3DN167IIFH1IA7VY9,456OLU0M4642GA83J0YTA
86PMJBVCQMZ07Q0KM8QOAP,4VODMC8KFU6P9,DZWED04MKKHO0P,DW24C3DN167IIFH1IA7VY9,4VODMC8KFU6P9
86PMJBVCQMZ07Q0KM8QOAP,4VODMC8KFU6P9,DZWED04MKKHO0P,DW24C3DN167IIFH1IA7VY9,6NNXLOTW1BMWR6QW4CX
86PMJBVCQMZ07Q0KM8QOAP,4VODMC8KFU6P9,DZWED04MKKHO0P,DW24C3DN167IIFH1IA7VY9,7YE98MV2S81Q64M5KRTL
86PMJBVCQMZ07Q0KM8QOAP,4VODMC8KFU6P9,DZWED04MKKHO0P,DW24C3DN167IIFH1IA7VY9,F0KY5JJHJK0
8LV4F6TM2YLSO4QY4TP,A65S6HQM9UKND7XTRR,BZVVMZFOJV,CXC60QMH6JN,1J92WYKXQN3E47F
8LV4F6TM2YLSO4QY4TP,A65S6HQM9UKND7XTRR,BZVVMZFOJV,CXC60QMH6JN,A3UQBZ81Z
BFLE33HHDPM,C9UADCYR,4KI9OUYJKS9D,37FJOZGMRA,6HVUFSTG2RAP91
BFLE33HHDPM,C9UADCYR,4KI9OUYJKS9D,BUXZYGF8F3ZPW,6HVUFSTG2RAP91
BFLE33HHDPM,C9UADCYR,8LV4F6TM2YLSO4QY4TP,37FJOZGMRA,6HVUFSTG2RAP91
BFLE33HHDPM,C9UADCYR,8LV4F6TM2YLSO4QY4TP,BUXZYGF8F3ZPW,6HVUFSTG2RAP91
BFLE33HHDPM,F0KY5JJHJK0,37FJOZGMRA,6NNXLOTW1BMWR6QW4CX,6HVUFSTG2RAP91
BWED1C4O06NH,1J92WYKXQN3E47F,4KI9OUYJKS9D,A65S6HQM9UKND7XTRR,8LWNNURN0L2ED0EPV5DX
BWED1C4O06NH,1J92WYKXQN3E47F,4KI9OUYJKS9D,A65S6HQM9UKND7XTRR,AFESECFUI8DNN5HVT7L
BWED1C4O06NH,1J92WYKXQN3E47F,4KI9OUYJKS9D,EE0H6N5OVRQ38J5PS,8LWNNURN0L2ED0EPV5DX
BWED1C4O06NH,1J92WYKXQN3E47F,4KI9OUYJKS9D,EE0H6N5OVRQ38J5PS,AFESECFUI8DNN5HVT7L
BWED1C4O06NH,1J92WYKXQN3E47F,4VODMC8KFU6P9,A65S6HQM9UKND7XTRR,8LWNNURN0L2ED0EPV5DX
BWED1C4O06NH,1J92WYKXQN3E47F,4VODMC8KFU6P9,A65S6HQM9UKND7XTRR,AFESECFUI8DNN5HVT7L
BWED1C4O06NH,1J92WYKXQN3E47F,4VODMC8KFU6P9,EE0H6N5OVRQ38J5PS,8LWNNURN0L2ED0EPV5DX
BWED1C4O06NH,1J92WYKXQN3E47F,4VODMC8KFU6P9,EE0H6N5OVRQ38J5PS,AFESECFUI8DNN5HVT7L
BWED1C4O06NH,1J92WYKXQN3E47F,7VX6MZ75G,A65S6HQM9UKND7XTRR,8LWNNURN0L2ED0EPV5DX
BWED1C4O06NH,1J92WYKXQN3E47F,7VX6MZ75G,A65S6HQM9UKND7XTRR,AFESECFUI8DNN5HVT7L
BWED1C4O06NH,1J92WYKXQN3E47F,7VX6MZ75G,EE0H6N5OVRQ38J5PS,8LWNNURN0L2ED0EPV5DX
BWED1C4O06NH,1J92WYKXQN3E47F,7VX6MZ75G,EE0H6N5OVRQ38J5PS,AFESECFUI8DNN5HVT7L
BWED1C4O06NH,1J92WYKXQN3E47F,DW24C3DN167IIFH1IA7VY9,A65S6HQM9UKND7XTRR,8LWNNURN0L2ED0EPV5DX
BWED1C4O06NH,1J92WYKXQN3E47F,DW24C3DN167IIFH1IA7VY9,A65S6HQM9UKND7XTRR,AFESECFUI8DNN5HVT7L
BWED1C4O06NH,1J92WYKXQN3E47F,DW24C3DN167IIFH1IA7VY9,EE0H6N5OVRQ38J5PS,8LWNNURN0L2ED0EPV5DX
BWED1C4O06NH,1J92WYKXQN3E47F,DW24C3DN167IIFH1IA7VY9,EE0H6N5OVRQ38J5PS,AFESECFUI8DNN5HVT7L
BZVVMZFOJV,C9UADCYR,4KI9OUYJKS9D,37FJOZGMRA,2YGTDR1AZM22I73HVE
BZVVMZFOJV,C9UADCYR,4KI9OUYJKS9D,37FJOZGMRA,5VYOCG8
BZVVMZFOJV,C9UADCYR,4KI9OUYJKS9D,BUXZYGF8F3ZPW,2YGTDR1AZM22I73HVE
BZVVMZFOJV,C9UADCYR,4KI9OUYJKS9D,BUXZYGF8F3ZPW,5VYOCG8
BZVVMZFOJV,C9UADCYR,8LV4F6TM2YLSO4QY4TP,37FJOZGMRA,2YGTDR1AZM22I73HVE
BZVVMZFOJV,C9UADCYR,8LV4F6TM2YLSO4QY4TP,37FJOZGMRA,5VYOCG8
BZVVMZFOJV,C9UADCYR,8LV4F6TM2YLSO4QY4TP,BUXZYGF8F3ZPW,2YGTDR1AZM22I73HVE
BZVVMZFOJV,C9UADCYR,8LV4F6TM2YLSO4QY4TP,BUXZYGF8F3ZPW,5VYOCG8
C9UADCYR,1J92WYKXQN3E47F,4KI9OUYJKS9D,A65S6HQM9UKND7XTRR,D2VYUMT63TRU879TB
C9UADCYR,1J92WYKXQN3E47F,4KI9OUYJKS9D,EE0H6N5OVRQ38J5PS,D2VYUMT63TRU879TB
C9UADCYR,1J92WYKXQN3E47F,4VODMC8KFU6P9,A65S6HQM9UKND7XTRR,D2VYUMT63TRU879TB
C9UADCYR,1J92WYKXQN3E47F,4VODMC8KFU6P9,EE0H6N5OVRQ38J5PS,D2VYUMT63TRU879TB
C9UADCYR,1J92WYKXQN3E47F,7VX6MZ75G,A65S6HQM9UKND7XTRR,D2VYUMT63TRU879TB
C9UADCYR,1J92WYKXQN3E47F,7VX6MZ75G,EE0H6N5OVRQ38J5PS,D2VYUMT63TRU879TB
C9UADCYR,1J92WYKXQN3E47F,DW24C3DN167IIFH1IA7VY9,A65S6HQM9UKND7XTRR,D2VYUMT63TRU879TB
C9UADCYR,1J92WYKXQN3E47F,DW24C3DN167IIFH1IA7VY9,EE0H6N5OVRQ38J5PS,D2VYUMT63TRU879TB
C9UADCYR,7XHMJ6NHBEUR,7ZVOR4MECP8SB,52BAJMJ29S4J2JWPXPAV6,D2VYUMT63TRU879TB
C9UADCYR,7XHMJ6NHBEUR,7ZVOR4MECP8SB,70DWWL3GR,D2VYUMT63TRU879TB
C9UADCYR,7XHMJ6NHBEUR,AFESECFUI8DNN5HVT7L,52BAJMJ29S4J2JWPXPAV6,D2VYUMT63TRU879TB
C9UADCYR,7XHMJ6NHBEUR,AFESECFUI8DNN5HVT7L,70DWWL3GR,D2VYUMT63TRU879TB
C9UADCYR,7XHMJ6NHBEUR,E5L3A8YW10QQDKMUF,52BAJMJ29S4J2JWPXPAV6,D2VYUMT63TRU879TB
C9UADCYR,7XHMJ6NHBEUR,E5L3A8YW10QQDKMUF,70DWWL3GR,D2VYUMT63TRU879TB
C9UADCYR,C9UADCYR,4KI9OUYJKS9D,37FJOZGMRA,D2VYUMT63TRU879TB
C9UADCYR,C9UADCYR,4KI9OUYJKS9D,BUXZYGF8F3ZPW,D2VYUMT63TRU879TB
C9UADCYR,C9UADCYR,8LV4F6TM2YLSO4QY4TP,37FJOZGMRA,D2VYUMT63TRU879TB
C9UADCYR,C9UADCYR,8LV4F6TM2YLSO4QY4TP,BUXZYGF8F3ZPW,D2VYUMT63TRU879TB
CRTL7JDI6MVYUD5U,BZVVMZFOJV,68YEBYW2YTTIN7JO,6HVUFSTG2RAP91,7YE98MV2S81Q64M5KRTL
CRTL7JDI6MVYUD5U,BZVVMZFOJV,68YEBYW2YTTIN7JO,D2VYUMT63TRU879TB,7YE98MV2S81Q64M5KRTL
CRTL7JDI6MVYUD5U,BZVVMZFOJV,A3UQBZ81Z,6HVUFSTG2RAP91,7YE98MV2S81Q64M5KRTL
CRTL7JDI6MVYUD5U,BZVVMZFOJV,A3UQBZ81Z,D2VYUMT63TRU879TB,7YE98MV2S81Q64M5KRTL
CRTL7JDI6MVYUD5U,DW24C3DN167IIFH1IA7VY9,5C8ZDTNK4HLSTK6M3HDN3,138HHEDQ,7YE98MV2S81Q64M5KRTL
CRTL7JDI6MVYUD5U,DW24C3DN167IIFH1IA7VY9,5C8ZDTNK4HLSTK6M3HDN3,4CHKZ57R2KYW6WE,7YE98MV2S81Q64M5KRTL
CRTL7JDI6MVYUD5U,DW24C3DN167IIFH1IA7VY9,5C8ZDTNK4HLSTK6M3HDN3,52BAJMJ29S4J2JWPXPAV6,7YE98MV2S81Q64M5KRTL
CRTL7JDI6MVYUD5U,DW24C3DN167IIFH1IA7VY9,5C8ZDTNK4HLSTK6M3HDN3,6656V0VMVHECEU,7YE98MV2S81Q64M5KRTL
CRTL7JDI6MVYUD5U,DW24C3DN167IIFH1IA7VY9,5C8ZDTNK4HLSTK6M3HDN3,BFLE33HHDPM,7YE98MV2S81Q64M5KRTL
CRTL7JDI6MVYUD5U,DW24C3DN167IIFH1IA7VY9,7YE98MV2S81Q64M5KRTL,138HHEDQ,7YE98MV2S81Q64M5KRTL
CRTL7JDI6MVYUD5U,DW24C3DN167IIFH1IA7VY9,7YE98MV2S81Q64M5KRTL,4CHKZ57R2KYW6WE,7YE98MV2S81Q64M5KRTL
CRTL7JDI6MVYUD5U,DW24C3DN167IIFH1IA7VY9,7YE98MV2S81Q64M5KRTL,52BAJMJ29S4J2JWPXPAV6,7YE98MV2S81Q64M5KRTL
CRTL7JDI6MVYUD5U,DW24C3DN167IIFH1IA7VY9,7YE98MV2S81Q64M5KRTL,6656V0VMVHECEU,7YE98MV2S81Q64M5KRTL
CRTL7JDI6MVYUD5U,DW24C3DN167IIFH1IA7VY9,7YE98MV2S81Q64M5KRTL,BFLE33HHDPM,7YE98MV2S81Q64M5KRTL
CRTL7JDI6MVYUD5U,DW24C3DN167IIFH1IA7VY9,D2VYUMT63TRU879TB,138HHEDQ,7YE98MV2S81Q64M5KRTL
CRTL7JDI6MVYUD5U,DW24C3DN167IIFH1IA7VY9,D2VYUMT63TRU879TB,4CHKZ57R2KYW6WE,7YE98MV2S81Q64M5KRTL
CRTL7JDI6MVYUD5U,DW24C3DN167IIFH1IA7VY9,D2VYUMT63TRU879TB,52BAJMJ29S4J2JWPXPAV6,7YE98MV2S81Q64M5KRTL
CRTL7JDI6MVYUD5U,DW24C3DN167IIFH1IA7VY9,D2VYUMT63TRU879TB,6656V0VMVHECEU,7YE98MV2S81Q64M5KRTL
CRTL7JDI6MVYUD5U,DW24C3DN167IIFH1IA7VY9,D2VYUMT63TRU879TB,BFLE33HHDPM,7YE98MV2S81Q64M5KRTL
D2VYUMT63TRU879TB,DW24C3DN167IIFH1IA7VY9,5C8ZDTNK4HLSTK6M3HDN3,138HHEDQ,7ZVOR4MECP8SB
D2VYUMT63TRU879TB,DW24C3DN167IIFH1IA7VY9,5C8ZDTNK4HLSTK6M3HDN3,138HHEDQ,A65S6HQM9UKND7XTRR
D2VYUMT63TRU879TB,DW24C3DN167IIFH1IA7VY9,5C8ZDTNK4HLSTK6M3HDN3,138HHEDQ,BWED1C4O06NH
D2VYUMT63TRU879TB,DW24C3DN167IIFH1IA7VY9,5C8ZDTNK4HLSTK6M3HDN3,138HHEDQ,BWED1C4O06NH
D2VYUMT63TRU879TB,DW24C3DN167IIFH1IA7VY9,5C8ZDTNK4HLSTK6M3HDN3,4CHKZ57R2KYW6WE,7ZVOR4MECP8SB
D2VYUMT63TRU879TB,DW24C3DN167IIFH1IA7VY9,5C8ZDTNK4HLSTK6M3HDN3,4CHKZ57R2KYW6WE,A65S6HQM9UKND7XTRR
D2VYUMT63TRU879TB,DW24C3DN167IIFH1IA7VY9,5C8ZDTNK4HLSTK6M3HDN3,4CHKZ57R2KYW6WE,BWED1C4O06NH
D2VYUMT63TRU879TB,DW24C3DN167IIFH1IA7VY9,5C8ZDTNK4HLSTK6M3HDN3,4CHKZ57R2KYW6WE,BWED1C4O06NH
D2VYUMT63TRU879TB,DW24C3DN167IIFH1IA7VY9,5C8ZDTNK4HLSTK6M3HDN3,52BAJMJ29S4J2JWPXPAV6,7ZVOR4MECP8SB
D2VYUMT63TRU879TB,DW24C3DN167IIFH1IA7VY9,5C8ZDTNK4HLSTK6M3HDN3,52BAJMJ29S4J2JWPXPAV6,A65S6HQM9UKND7XTRR
D2VYUMT63TRU879TB,DW24C3DN167IIFH1IA7VY9,5C8ZDTNK4HLSTK6M3HDN3,52BAJMJ29S4J2JWPXPAV6,BWED1C4O06NH
D2VYUMT63TRU879TB,DW24C3DN167IIFH1IA7VY9,5C8ZDTNK4HLSTK6M3HDN3,52BAJMJ29S4J2JWPXPAV6,BWED1C4O06NH
D2VYUMT63TRU879TB,DW24C3DN167IIFH1IA7VY9,5C8ZDTNK4HLSTK6M3HDN3,6656V0VMVHECEU,7ZVOR4MECP8SB
D2VYUMT63TRU879TB,DW24C3DN167IIFH1IA7VY9,5C8ZDTNK4HLSTK6M3HDN3,6656V0VMVHECEU,A65S6HQM9UKND7XTRR
D2VYUMT63TRU879TB,DW24C3DN167IIFH1IA7VY9,5C8ZDTNK4HLSTK6M3HDN3,6656V0VMVHECEU,BWED1C4O06NH
D2VYUMT63TRU879TB,DW24C3DN167IIFH1IA7VY9,5C8ZDTNK4HLSTK6M3HDN3,6656V0VMVHECEU,BWED1C4O06NH
D2VYUMT63TRU879TB,DW24C3DN167IIFH1IA7VY9,5C8ZDTNK4HLSTK6M3HDN3,BFLE33HHDPM,7ZVOR4MECP8SB
D2VYUMT63TRU879TB,DW24C3DN167IIFH1IA7VY9,5C8ZDTNK4HLSTK6M3HDN3,BFLE33HHDPM,A65S6HQM9UKND7XTRR
D2VYUMT63TRU879TB,DW24C3DN167IIFH1IA7VY9,5C8ZDTNK4HLSTK6M3HDN3,BFLE33HHDPM,BWED1C4O06NH
D2VYUMT63TRU879TB,DW24C3DN167IIFH1IA7VY9,5C8ZDTNK4HLSTK6M3HDN3,BFLE33HHDPM,BWED1C4O06NH
D2VYUMT63TRU879TB,DW24C3DN167IIFH1IA7VY9,7YE98MV2S81Q64M5KRTL,138HHEDQ,7ZVOR4MECP8SB
D2VYUMT63TRU879TB,DW24C3DN167IIFH1IA7VY9,7YE98MV2S81Q64M5KRTL,138HHEDQ,A65S6HQM9UKND7XTRR
D2VYUMT63TRU879TB,DW24C3DN167IIFH1IA7VY9,7YE98MV2S81Q64M5KRTL,138HHEDQ,BWED1C4O06NH
D2VYUMT63TRU879TB,DW24C3DN167IIFH1IA7VY9,7YE98MV2S81Q64M5KRTL,138HHEDQ,BWED1C4O06NH
D2VYUMT63TRU879TB,DW24C3DN167IIFH1IA7VY9,7YE98MV2S81Q64M5KRTL,4CHKZ57R2KYW6WE,7ZVOR4MECP8SB
D2VYUMT63TRU879TB,DW24C3DN167IIFH1IA7VY9,7YE98MV2S81Q64M5KRTL,4CHKZ57R2KYW6WE,A65S6HQM9UKND7XTRR
D2VYUMT63TRU879TB,DW24C3DN167IIFH1IA7VY9,7YE98MV2S81Q64M5KRTL,4CHKZ57R2KYW6WE,BWED1C4O06NH
D2VYUMT63TRU879TB,DW24C3DN167IIFH1IA7VY9,7YE98MV2S81Q64M5KRTL,4CHKZ57R2KYW6WE,BWED1C4O06NH
D2VYUMT63TRU879TB,DW24C3DN167IIFH1IA7VY9,7YE98MV2S81Q64M5KRTL,52BAJMJ29S4J2JWPXPAV6,7ZVOR4MECP8SB
D2VYUMT63TRU879TB,DW24C3DN167IIFH1IA7VY9,7YE98MV2S81Q64M5KRTL,52BAJMJ29S4J2JWPXPAV6,A65S6HQM9UKND7XTRR
D2VYUMT63TRU879TB,DW24C3DN167IIFH1IA7VY9,7YE98MV2S81Q64M5KRTL,52BAJMJ29S4J2JWPXPAV6,BWED1C4O06NH
D2VYUMT63TRU879TB,DW24C3DN167IIFH1IA7VY9,7YE98MV2S81Q64M5KRTL,52BAJMJ29S4J2JWPXPAV6,BWED1C4O06NH
D2VYUMT63TRU879TB,DW24C3DN167IIFH1IA7VY9,7YE98MV2S81Q64M5KRTL,6656V0VMVHECEU,7ZVOR4MECP8SB
D2VYUMT63TRU879TB,DW24C3DN167IIFH1IA7VY9,7YE98MV2S81Q64M5KRTL,6656V0VMVHECEU,A65S6HQM9UKND7XTRR
D2VYUMT63TRU879TB,DW24C3DN167IIFH1IA7VY9,7YE98MV2S81Q64M5KRTL,6656V0VMVHECEU,BWED1C4O06NH
D2VYUMT63TRU879TB,DW24C3DN167IIFH1IA7VY9,7YE98MV2S81Q64M5KRTL,6656V0VMVHECEU,BWED1C4O06NH
D2VYUMT63TRU879TB,DW24C3DN167IIFH1IA7VY9,7YE98MV2S81Q64M5KRTL,BFLE33HHDPM,7ZVOR4MECP8SB
D2VYUMT63TRU879TB,DW24C3DN167IIFH1IA7VY9,7YE98MV2S81Q64M5KRTL,BFLE33HHDPM,A65S6HQM9UKND7XTRR
D2VYUMT63TRU879TB,DW24C3DN167IIFH1IA7VY9,7YE98MV2S81Q64M5KRTL,BFLE33HHDPM,BWED1C4O06NH
D2VYUMT63TRU879TB,DW24C3DN167IIFH1IA7VY9,7YE98MV2S81Q64M5KRTL,BFLE33HHDPM,BWED1C4O06NH
D2VYUMT63TRU879TB,DW24C3DN167IIFH1IA7VY9,D2VYUMT63TRU879TB,138HHEDQ,7ZVOR4MECP8SB
D2VYUMT63TRU879TB,DW24C3DN167IIFH1IA7VY9,D2VYUMT63TRU879TB,138HHEDQ,A65S6HQM9UKND7XTRR
D2VYUMT63TRU879TB,DW24C3DN167IIFH1IA7VY9,D2VYUMT63TRU879TB,138HHEDQ,BWED1C4O06NH
D2VYUMT63TRU879TB,DW24C3DN167IIFH1IA7VY9,D2VYUMT63TRU879TB,138HHEDQ,BWED1C4O06NH
D2VYUMT63TRU879TB,DW24C3DN167IIFH1IA7VY9,D2VYUMT63TRU879TB,4CHKZ57R2KYW6WE,7ZVOR4MECP8SB
D2VYUMT63TRU879TB,DW24C3DN167IIFH1IA7VY9,D2VYUMT63TRU879TB,4CHKZ57R2KYW6WE,A65S6HQM9UKND7XTRR
D2VYUMT63TRU879TB,DW24C3DN167IIFH1IA7VY9,D2VYUMT63TRU879TB,4CHKZ57R2KYW6WE,BWED1C4O06NH
D2VYUMT63TRU879TB,DW24C3DN167IIFH1IA7VY9,D2VYUMT63TRU879TB,4CHKZ57R2KYW6WE,BWED1C4O06NH
D2VYUMT63TRU879TB,DW24C3DN167IIFH1IA7VY9,D2VYUMT63TRU879TB,52BAJMJ29S4J2JWPXPAV6,7ZVOR4MECP8SB
D2VYUMT63TRU879TB,DW24C3DN167IIFH1IA7VY9,D2VYUMT63TRU879TB,52BAJMJ29S4J2JWPXPAV6,A65S6HQM9UKND7XTRR
D2VYUMT63TRU879TB,DW24C3DN167IIFH1IA7VY9,D2VYUMT63TRU879TB,52BAJMJ29S4J2JWPXPAV6,BWED1C4O06NH
D2VYUMT63TRU879TB,DW24C3DN167IIFH1IA7VY9,D2VYUMT63TRU879TB,52BAJMJ29S4J2JWPXPAV6,BWED1C4O06NH
D2VYUMT63TRU879TB,DW24C3DN167IIFH1IA7VY9,D2VYUMT63TRU879TB,6656V0VMVHECEU,7ZVOR4MECP8SB
D2VYUMT63TRU879TB,DW24C3DN167IIFH1IA7VY9,D2VYUMT63TRU879TB,6656V0VMVHECEU,A65S6HQM9UKND7XTRR
D2VYUMT63TRU879TB,DW24C3DN167IIFH1IA7VY9,D2VYUMT63TRU879TB,6656V0VMVHECEU,BWED1C4O06NH
D2VYUMT63TRU879TB,DW24C3DN167IIFH1IA7VY9,D2VYUMT63TRU879TB,6656V0VMVHECEU,BWED1C4O06NH
D2VYUMT63TRU879TB,DW24C3DN167IIFH1IA7VY9,D2VYUMT63TRU879TB,BFLE33HHDPM,7ZVOR4MECP8SB
D2VYUMT63TRU879TB,DW24C3DN167IIFH1IA7VY9,D2VYUMT63TRU879TB,BFLE33HHDPM,A65S6HQM9UKND7XTRR
D2VYUMT63TRU879TB,DW24C3DN167IIFH1IA7VY9,D2VYUMT63TRU879TB,BFLE33HHDPM,BWED1C4O06NH
D2VYUMT63TRU879TB,DW24C3DN167IIFH1IA7VY9,D2VYUMT63TRU879TB,BFLE33HHDPM,BWED1C4O06NH
DITRNPKVAYKY25N1RR,C9UADCYR,4KI9OUYJKS9D,37FJOZGMRA,1QE5G22
DITRNPKVAYKY25N1RR,C9UADCYR,4KI9OUYJKS9D,37FJOZGMRA,4CHKZ57R2KYW6WE
DITRNPKVAYKY25N1RR,C9UADCYR,4KI9OUYJKS9D,37FJOZGMRA,4KI9OUYJKS9D
DITRNPKVAYKY25N1RR,C9UADCYR,4KI9OUYJKS9D,37FJOZGMRA,7VX6MZ75G
DITRNPKVAYKY25N1RR,C9UADCYR,4KI9OUYJKS9D,37FJOZGMRA,A65S6HQM9UKND7XTRR
DITRNPKVAYKY25N1RR,C9UADCYR,4KI9OUYJKS9D,37FJOZGMRA,DZWED04MKKHO0P
DITRNPKVAYKY25N1RR,C9UADCYR,4KI9OUYJKS9D,BUXZYGF8F3ZPW,1QE5G22
DITRNPKVAYKY25N1RR,C9UADCYR,4KI9OUYJKS9D,BUXZYGF8F3ZPW,4CHKZ57R2KYW6WE
DITRNPKVAYKY25N1RR,C9UADCYR,4KI9OUYJKS9D,BUXZYGF8F3ZPW,4KI9OUYJKS9D
DITRNPKVAYKY25N1RR,C9UADCYR,4KI9OUYJKS9D,BUXZYGF8F3ZPW,7VX6MZ75G
DITRNPKVAYKY25N1RR,C9UADCYR,4KI9OUYJKS9D,BUXZYGF8F3ZPW,A65S6HQM9UKND7XTRR
DITRNPKVAYKY25N1RR,C9UADCYR,4KI9OUYJKS9D,BUXZYGF8F3ZPW,DZWED04MKKHO0P
DITRNPKVAYKY25N1RR,C9UADCYR,8LV4F6TM2YLSO4QY4TP,37FJOZGMRA,1QE5G22
DITRNPKVAYKY25N1RR,C9UADCYR,8LV4F6TM2YLSO4QY4TP,37FJOZGMRA,4CHKZ57R2KYW6WE
DITRNPKVAYKY25N1RR,C9UADCYR,8LV4F6TM2YLSO4QY4TP,37FJOZGMRA,4KI9OUYJKS9D
DITRNPKVAYKY25N1RR,C9UADCYR,8LV4F6TM2YLSO4QY4TP,37FJOZGMRA,7VX6MZ75G
DITRNPKVAYKY25N1RR,C9UADCYR,8LV4F6TM2YLSO4QY4TP,37FJOZGMRA,A65S6HQM9UKND7XTRR
DITRNPKVAYKY25N1RR,C9UADCYR,8LV4F6TM2YLSO4QY4TP,37FJOZGMRA,DZWED04MKKHO0P
DITRNPKVAYKY25N1RR,C9UADCYR,8LV4F6TM2YLSO4QY4TP,BUXZYGF8F3ZPW,1QE5G22
DITRNPKVAYKY25N1RR,C9UADCYR,8LV4F6TM2YLSO4QY4TP,BUXZYGF8F3ZPW,4CHKZ57R2KYW6WE
DITRNPKVAYKY25N1RR,C9UADCYR,8LV4F6TM2YLSO4QY4TP,BUXZYGF8F3ZPW,4KI9OUYJKS9D
DITRNPKVAYKY25N1RR,C9UADCYR,8LV4F6TM2YLSO4QY4TP,BUXZYGF8F3ZPW,7VX6MZ75G
DITRNPKVAYKY25N1RR,C9UADCYR,8LV4F6TM2YLSO4QY4TP,BUXZYGF8F3ZPW,A65S6HQM9UKND7XTRR
DITRNPKVAYKY25N1RR,C9UADCYR,8LV4F6TM2YLSO4QY4TP,BUXZYGF8F3ZPW,DZWED04MKKHO0P
DITRNPKVAYKY25N1RR,DL0U0IXLK6,C9UADCYR,52BAJMJ29S4J2JWPXPAV6,1QE5G22
DITRNPKVAYKY25N1RR,DL0U0IXLK6,C9UADCYR,52BAJMJ29S4J2JWPXPAV6,1QE5G22
DITRNPKVAYKY25N1RR,DL0U0IXLK6,C9UADCYR,52BAJMJ29S4J2JWPXPAV6,4CHKZ57R2KYW6WE
DITRNPKVAYKY25N1RR,DL0U0IXLK6,C9UADCYR,52BAJMJ29S4J2JWPXPAV6,4CHKZ57R2KYW6WE
DITRNPKVAYKY25N1RR,DL0U0IXLK6,C9UADCYR,52BAJMJ29S4J2JWPXPAV6,4KI9OUYJKS9D
DITRNPKVAYKY25N1RR,DL0U0IXLK6,C9UADCYR,52BAJMJ29S4J2JWPXPAV6,4KI9OUYJKS9D
DITRNPKVAYKY25N1RR,DL0U0IXLK6,C9UADCYR,52BAJMJ29S4J2JWPXPAV6,7VX6MZ75G
DITRNPKVAYKY25N1RR,DL0U0IXLK6,C9UADCYR,52BAJMJ29S4J2JWPXPAV6,7VX6MZ75G
DITRNPKVAYKY25N1RR,DL0U0IXLK6,C9UADCYR,52BAJMJ29S4J2JWPXPAV6,A65S6HQM9UKND7XTRR
DITRNPKVAYKY25N1RR,DL0U0IXLK6,C9UADCYR,52BAJMJ29S4J2JWPXPAV6,A65S6HQM9UKND7XTRR
DITRNPKVAYKY25N1RR,DL0U0IXLK6,C9UADCYR,52BAJMJ29S4J2JWPXPAV6,DZWED04MKKHO0P
DITRNPKVAYKY25N1RR,DL0U0IXLK6,C9UADCYR,52BAJMJ29S4J2JWPXPAV6,DZWED04MKKHO0P
DITRNPKVAYKY25N1RR,DL0U0IXLK6,C9UADCYR,A65S6HQM9UKND7XTRR,1QE5G22
DITRNPKVAYKY25N1RR,DL0U0IXLK6,C9UADCYR,A65S6HQM9UKND7XTRR,1QE5G22
DITRNPKVAYKY25N1RR,DL0U0IXLK6,C9UADCYR,A65S6HQM9UKND7XTRR,4CHKZ57R2KYW6WE
DITRNPKVAYKY25N1RR,DL0U0IXLK6,C9UADCYR,A65S6HQM9UKND7XTRR,4CHKZ57R2KYW6WE
DITRNPKVAYKY25N1RR,DL0U0IXLK6,C9UADCYR,A65S6HQM9UKND7XTRR,4KI9OUYJKS9D
DITRNPKVAYKY25N1RR,DL0U0IXLK6,C9UADCYR,A65S6HQM9UKND7XTRR,4KI9OUYJKS9D
DITRNPKVAYKY25N1RR,DL0U0IXLK6,C9UADCYR,A65S6HQM9UKND7XTRR,7VX6MZ75G
DITRNPKVAYKY25N1RR,DL0U0IXLK6,C9UADCYR,A65S6HQM9UKND7XTRR,7VX6MZ75G
DITRNPKVAYKY25N1RR,DL0U0IXLK6,C9UADCYR,A65S6HQM9UKND7XTRR,A65S6HQM9UKND7XTRR
DITRNPKVAYKY25N1RR,DL0U0IXLK6,C9UADCYR,A65S6HQM9UKND7XTRR,A65S6HQM9UKND7XTRR
DITRNPKVAYKY25N1RR,DL0U0IXLK6,C9UADCYR,A65S6HQM9UKND7XTRR,DZWED04MKKHO0P
DITRNPKVAYKY25N1RR,DL0U0IXLK6,C9UADCYR,A65S6HQM9UKND7XTRR,DZWED04MKKHO0P
DL0U0IXLK6,BUXZYGF8F3ZPW,5JCSQQMS0KE6XK74,8LWNNURN0L2ED0EPV5DX,86PMJBVCQMZ07Q0KM8QOAP
DL0U0IXLK6,BUXZYGF8F3ZPW,5JCSQQMS0KE6XK74,8LWNNURN0L2ED0EPV5DX,8LWNNURN0L2ED0EPV5DX
DL0U0IXLK6,DL0U0IXLK6,C9UADCYR,52BAJMJ29S4J2JWPXPAV6,86PMJBVCQMZ07Q0KM8QOAP
DL0U0IXLK6,DL0U0IXLK6,C9UADCYR,52BAJMJ29S4J2JWPXPAV6,86PMJBVCQMZ07Q0KM8QOAP
DL0U0IXLK6,DL0U0IXLK6,C9UADCYR,52BAJMJ29S4J2JWPXPAV6,8LWNNURN0L2ED0EPV5DX
DL0U0IXLK6,DL0U0IXLK6,C9UADCYR,52BAJMJ29S4J2JWPXPAV6,8LWNNURN0L2ED0EPV5DX
DL0U0IXLK6,DL0U0IXLK6,C9UADCYR,A65S6HQM9UKND7XTRR,86PMJBVCQMZ07Q0KM8QOAP
DL0U0IXLK6,DL0U0IXLK6,C9UADCYR,A65S6HQM9UKND7XTRR,86PMJBVCQMZ07Q0KM8QOAP
DL0U0IXLK6,DL0U0IXLK6,C9UADCYR,A65S6HQM9UKND7XTRR,8LWNNURN0L2ED0EPV5DX
DL0U0IXLK6,DL0U0IXLK6,C9UADCYR,A65S6HQM9UKND7XTRR,8LWNNURN0L2ED0EPV5DX
DW24C3DN167IIFH1IA7VY9,86PMJBVCQMZ07Q0KM8QOAP,68YEBYW2YTTIN7JO,5E2C0S96Y1HHQPJGY,5G7GX1657BXD8VC8HOXFKI
DW24C3DN167IIFH1IA7VY9,86PMJBVCQMZ07Q0KM8QOAP,68YEBYW2YTTIN7JO,BUXZYGF8F3ZPW,5G7GX1657BXD8VC8HOXFKI
DW24C3DN167IIFH1IA7VY9,86PMJBVCQMZ07Q0KM8QOAP,68YEBYW2YTTIN7JO,BZVVMZFOJV,5G7GX1657BXD8VC8HOXFKI
DW24C3DN167IIFH1IA7VY9,86PMJBVCQMZ07Q0KM8QOAP,68YEBYW2YTTIN7JO,C9UADCYR,5G7GX1657BXD8VC8HOXFKI
DW24C3DN167IIFH1IA7VY9,86PMJBVCQMZ07Q0KM8QOAP,7XHMJ6NHBEUR,5E2C0S96Y1HHQPJGY,5G7GX1657BXD8VC8HOXFKI
DW24C3DN167IIFH1IA7VY9,86PMJBVCQMZ07Q0KM8QOAP,7XHMJ6NHBEUR,BUXZYGF8F3ZPW,5G7GX1657BXD8VC8HOXFKI
DW24C3DN167IIFH1IA7VY9,86PMJBVCQMZ07Q0KM8QOAP,7XHMJ6NHBEUR,BZVVMZFOJV,5G7GX1657BXD8VC8HOXFKI
DW24C3DN167IIFH1IA7VY9,86PMJBVCQMZ07Q0KM8QOAP,7XHMJ6NHBEUR,C9UADCYR,5G7GX1657BXD8VC8HOXFKI
DW24C3DN167IIFH1IA7VY9,86PMJBVCQMZ07Q0KM8QOAP,AFESECFUI8DNN5HVT7L,5E2C0S96Y1HHQPJGY,5G7GX1657BXD8VC8HOXFKI
DW24C3DN167IIFH1IA7VY9,86PMJBVCQMZ07Q0KM8QOAP,AFESECFUI8DNN5HVT7L,BUXZYGF8F3ZPW,5G7GX1657BXD8VC8HOXFKI
DW24C3DN167IIFH1IA7VY9,86PMJBVCQMZ07Q0KM8QOAP,AFESECFUI8DNN5HVT7L,BZVVMZFOJV,5G7GX1657BXD8VC8HOXFKI
DW24C3DN167IIFH1IA7VY9,86PMJBVCQMZ07Q0KM8QOAP,AFESECFUI8DNN5HVT7L,C9UADCYR,5G7GX1657BXD8VC8HOXFKI
DZWED04MKKHO0P,456OLU0M4642GA83J0YTA,4CHKZ57R2KYW6WE,2YGTDR1AZM22I73HVE,BZVVMZFOJV
DZWED04MKKHO0P,456OLU0M4642GA83J0YTA,4CHKZ57R2KYW6WE,2YGTDR1AZM22I73HVE,EE0H6N5OVRQ38J5PS
DZWED04MKKHO0P,456OLU0M4642GA83J0YTA,5G7GX1657BXD8VC8HOXFKI,2YGTDR1AZM22I73HVE,BZVVMZFOJV
DZWED04MKKHO0P,456OLU0M4642GA83J0YTA,5G7GX1657BXD8VC8HOXFKI,2YGTDR1AZM22I73HVE,EE0H6N5OVRQ38J5PS
DZWED04MKKHO0P,456OLU0M4642GA83J0YTA,7YE98MV2S81Q64M5KRTL,2YGTDR1AZM22I73HVE,BZVVMZFOJV
DZWED04MKKHO0P,456OLU0M4642GA83J0YTA,7YE98MV2S81Q64M5KRTL,2YGTDR1AZM22I73HVE,EE0H6N5OVRQ38J5PS
DZWED04MKKHO0P,456OLU0M4642GA83J0YTA,BWED1C4O06NH,2YGTDR1AZM22I73HVE,BZVVMZFOJV
DZWED04MKKHO0P,456OLU0M4642GA83J0YTA,BWED1C4O06NH,2YGTDR1AZM22I73HVE,EE0H6N5OVRQ38J5PS
DZWED04MKKHO0P,70DWWL3GR,5C8ZDTNK4HLSTK6M3HDN3,5VYOCG8,BZVVMZFOJV
DZWED04MKKHO0P,70DWWL3GR,5C8ZDTNK4HLSTK6M3HDN3,5VYOCG8,EE0H6N5OVRQ38J5PS
DZWED04MKKHO0P,70DWWL3GR,5C8ZDTNK4HLSTK6M3HDN3,AFESECFUI8DNN5HVT7L,BZVVMZFOJV
DZWED04MKKHO0P,70DWWL3GR,5C8ZDTNK4HLSTK6M3HDN3,AFESECFUI8DNN5HVT7L,EE0H6N5OVRQ38J5PS
DZWED04MKKHO0P,70DWWL3GR,5C8ZDTNK4HLSTK6M3HDN3,BFLE33HHDPM,BZVVMZFOJV
DZWED04MKKHO0P,70DWWL3GR,5C8ZDTNK4HLSTK6M3HDN3,BFLE33HHDPM,EE0H6N5OVRQ38J5PS
DZWED04MKKHO0P,70DWWL3GR,6HVUFSTG2RAP91,5VYOCG8,BZVVMZFOJV
DZWED04MKKHO0P,70DWWL3GR,6HVUFSTG2RAP91,5VYOCG8,EE0H6N5OVRQ38J5PS
DZWED04MKKHO0P,70DWWL3GR,6HVUFSTG2RAP91,AFESECFUI8DNN5HVT7L,BZVVMZFOJV
DZWED04MKKHO0P,70DWWL3GR,6HVUFSTG2RAP91,AFESECFUI8DNN5HVT7L,EE0H6N5OVRQ38J5PS
DZWED04MKKHO0P,70DWWL3GR,6HVUFSTG2RAP91,BFLE33HHDPM,BZVVMZFOJV
DZWED04MKKHO0P,70DWWL3GR,6HVUFSTG2RAP91,BFLE33HHDPM,EE0H6N5OVRQ38J5PS
DZWED04MKKHO0P,70DWWL3GR,BZVVMZFOJV,5VYOCG8,BZVVMZFOJV
DZWED04MKKHO0P,70DWWL3GR,BZVVMZFOJV,5VYOCG8,EE0H6N5OVRQ38J5PS
DZWED04MKKHO0P,70DWWL3GR,BZVVMZFOJV,AFESECFUI8DNN5HVT7L,BZVVMZFOJV
DZWED04MKKHO0P,70DWWL3GR,BZVVMZFOJV,AFESECFUI8DNN5HVT7L,EE0H6N5OVRQ38J5PS
DZWED04MKKHO0P,70DWWL3GR,BZVVMZFOJV,BFLE33HHDPM,BZVVMZFOJV
DZWED04MKKHO0P,70DWWL3GR,BZVVMZFOJV,BFLE33HHDPM,EE0H6N5OVRQ38J5PS
DZWED04MKKHO0P,70DWWL3GR,DL0U0IXLK6,5VYOCG8,BZVVMZFOJV
DZWED04MKKHO0P,70DWWL3GR,DL0U0IXLK6,5VYOCG8,BZVVMZFOJV
DZWED04MKKHO0P,70DWWL3GR,DL0U0IXLK6,5VYOCG8,EE0H6N5OVRQ38J5PS
DZWED04MKKHO0P,70DWWL3GR,DL0U0IXLK6,5VYOCG8,EE0H6N5OVRQ38J5PS
DZWED04MKKHO0P,70DWWL3GR,DL0U0IXLK6,AFESECFUI8DNN5HVT7L,BZVVMZFOJV
DZWED04MKKHO0P,70DWWL3GR,DL0U0IXLK6,AFESECFUI8DNN5HVT7L,BZVVMZFOJV
DZWED04MKKHO0P,70DWWL3GR,DL0U0IXLK6,AFESECFUI8DNN5HVT7L,EE0H6N5OVRQ38J5PS
DZWED04MKKHO0P,70DWWL3GR,DL0U0IXLK6,AFESECFUI8DNN5HVT7L,EE0H6N5OVRQ38J5PS
DZWED04MKKHO0P,70DWWL3GR,DL0U0IXLK6,BFLE33HHDPM,BZVVMZFOJV
DZWED04MKKHO0P,70DWWL3GR,DL0U0IXLK6,BFLE33HHDPM,BZVVMZFOJV
DZWED04MKKHO0P,70DWWL3GR,DL0U0IXLK6,BFLE33HHDPM,EE0H6N5OVRQ38J5PS
DZWED04MKKHO0P,70DWWL3GR,DL0U0IXLK6,BFLE33HHDPM,EE0H6N5OVRQ38J5PS
E5L3A8YW10QQDKMUF,5C8ZDTNK4HLSTK6M3HDN3,456OLU0M4642GA83J0YTA,A65S6HQM9UKND7XTRR,1B8SIB3DOE80UQD
E5L3A8YW10QQDKMUF,5C8ZDTNK4HLSTK6M3HDN3,456OLU0M4642GA83J0YTA,A65S6HQM9UKND7XTRR,1B8SIB3DOE80UQD
E5L3A8YW10QQDKMUF,5C8ZDTNK4HLSTK6M3HDN3,456OLU0M4642GA83J0YTA,A65S6HQM9UKND7XTRR,5E2C0S96Y1HHQPJGY
E5L3A8YW10QQDKMUF,5C8ZDTNK4HLSTK6M3HDN3,456OLU0M4642GA83J0YTA,A65S6HQM9UKND7XTRR,BUXZYGF8F3ZPW
E5L3A8YW10QQDKMUF,5C8ZDTNK4HLSTK6M3HDN3,456OLU0M4642GA83J0YTA,F0KY5JJHJK0,1B8SIB3DOE80UQD
E5L3A8YW10QQDKMUF,5C8ZDTNK4HLSTK6M3HDN3,456OLU0M4642GA83J0YTA,F0KY5JJHJK0,1B8SIB3DOE80UQD
E5L3A8YW10QQDKMUF,5C8ZDTNK4HLSTK6M3HDN3,456OLU0M4642GA83J0YTA,F0KY5JJHJK0,5E2C0S96Y1HHQPJGY
E5L3A8YW10QQDKMUF,5C8ZDTNK4HLSTK6M3HDN3,456OLU0M4642GA83J0YTA,F0KY5JJHJK0,BUXZYGF8F3ZPW
E5L3A8YW10QQDKMUF,5C8ZDTNK4HLSTK6M3HDN3,E5L3A8YW10QQDKMUF,A65S6HQM9UKND7XTRR,1B8SIB3DOE80UQD
E5L3A8YW10QQDKMUF,5C8ZDTNK4HLSTK6M3HDN3,E5L3A8YW10QQDKMUF,A65S6HQM9UKND7XTRR,1B8SIB3DOE80UQD
E5L3A8YW10QQDKMUF,5C8ZDTNK4HLSTK6M3HDN3,E5L3A8YW10QQDKMUF,A65S6HQM9UKND7XTRR,5E2C0S96Y1HHQPJGY
E5L3A8YW10QQDKMUF,5C8ZDTNK4HLSTK6M3HDN3,E5L3A8YW10QQDKMUF,A65S6HQM9UKND7XTRR,BUXZYGF8F3ZPW
E5L3A8YW10QQDKMUF,5C8ZDTNK4HLSTK6M3HDN3,E5L3A8YW10QQDKMUF,F0KY5JJHJK0,1B8SIB3DOE80UQD
E5L3A8YW10QQDKMUF,5C8ZDTNK4HLSTK6M3HDN3,E5L3A8YW10QQDKMUF,F0KY5JJHJK0,1B8SIB3DOE80UQD
E5L3A8YW10QQDKMUF,5C8ZDTNK4HLSTK6M3HDN3,E5L3A8YW10QQDKMUF,F0KY5JJHJK0,5E2C0S96Y1HHQPJGY
E5L3A8YW10QQDKMUF,5C8ZDTNK4HLSTK6M3HDN3,E5L3A8YW10QQDKMUF,F0KY5JJHJK0,BUXZYGF8F3ZPW
EE0H6N5OVRQ38J5PS,52BAJMJ29S4J2JWPXPAV6,7VX6MZ75G,1J92WYKXQN3E47F,E5L3A8YW10QQDKMUF
EE0H6N5OVRQ38J5PS,52BAJMJ29S4J2JWPXPAV6,7VX6MZ75G,1J92WYKXQN3E47F,E5L3A8YW10QQDKMUF
EE0H6N5OVRQ38J5PS,52BAJMJ29S4J2JWPXPAV6,7VX6MZ75G,4KI9OUYJKS9D,E5L3A8YW10QQDKMUF
EE0H6N5OVRQ38J5PS,52BAJMJ29S4J2JWPXPAV6,7VX6MZ75G,68YEBYW2YTTIN7JO,E5L3A8YW10QQDKMUF
EE0H6N5OVRQ38J5PS,52BAJMJ29S4J2JWPXPAV6,7VX6MZ75G,7ZVOR4MECP8SB,E5L3A8YW10QQDKMUF
EE0H6N5OVRQ38J5PS,52BAJMJ29S4J2JWPXPAV6,7VX6MZ75G,7ZVOR4MECP8SB,E5L3A8YW10QQDKMUF
EE0H6N5OVRQ38J5PS,52BAJMJ29S4J2JWPXPAV6,7VX6MZ75G,A65S6HQM9UKND7XTRR,E5L3A8YW10QQDKMUF
EE0H6N5OVRQ38J5PS,52BAJMJ29S4J2JWPXPAV6,7VX6MZ75G,E5L3A8YW10QQDKMUF,E5L3A8YW10QQDKMUF
EE0H6N5OVRQ38J5PS,8LWNNURN0L2ED0EPV5DX,5JCSQQMS0KE6XK74,1J92WYKXQN3E47F,E5L3A8YW10QQDKMUF
EE0H6N5OVRQ38J5PS,8LWNNURN0L2ED0EPV5DX,5JCSQQMS0KE6XK74,2YGTDR1AZM22I73HVE,E5L3A8YW10QQDKMUF
EE0H6N5OVRQ38J5PS,8LWNNURN0L2ED0EPV5DX,5JCSQQMS0KE6XK74,70DWWL3GR,E5L3A8YW10QQDKMUF
EE0H6N5OVRQ38J5PS,8LWNNURN0L2ED0EPV5DX,5JCSQQMS0KE6XK74,EE0H6N5OVRQ38J5PS,E5L3A8YW10QQDKMUF
EE0H6N5OVRQ38J5PS,A3UQBZ81Z,5VYOCG8,1QE5G22,E5L3A8YW10QQDKMUF
EE0H6N5OVRQ38J5PS,A3UQBZ81Z,5VYOCG8,32HBUOSMF1U2JNXKOU6N,E5L3A8YW10QQDKMUF
EE0H6N5OVRQ38J5PS,A3UQBZ81Z,5VYOCG8,456OLU0M4642GA83J0YTA,E5L3A8YW10QQDKMUF
EE0H6N5OVRQ38J5PS,A3UQBZ81Z,5VYOCG8,4VODMC8KFU6P9,E5L3A8YW10QQDKMUF
EE0H6N5OVRQ38J5PS,A3UQBZ81Z,5VYOCG8,4VODMC8KFU6P9,E5L3A8YW10QQDKMUF
EE0H6N5OVRQ38J5PS,A3UQBZ81Z,5VYOCG8,52BAJMJ29S4J2JWPXPAV6,E5L3A8YW10QQDKMUF
EE0H6N5OVRQ38J5PS,A3UQBZ81Z,5VYOCG8,7XHMJ6NHBEUR,E5L3A8YW10QQDKMUF
EE0H6N5OVRQ38J5PS,A3UQBZ81Z,70DWWL3GR,1QE5G22,E5L3A8YW10QQDKMUF
EE0H6N5OVRQ38J5PS,A3UQBZ81Z,70DWWL3GR,32HBUOSMF1U2JNXKOU6N,E5L3A8YW10QQDKMUF
EE0H6N5OVRQ38J5PS,A3UQBZ81Z,70DWWL3GR,456OLU0M4642GA83J0YTA,E5L3A8YW10QQDKMUF
EE0H6N5OVRQ38J5PS,A3UQBZ81Z,70DWWL3GR,4VODMC8KFU6P9,E5L3A8YW10QQDKMUF
EE0H6N5OVRQ38J5PS,A3UQBZ81Z,70DWWL3GR,4VODMC8KFU6P9,E5L3A8YW10QQDKMUF
EE0H6N5OVRQ38J5PS,A3UQBZ81Z,70DWWL3GR,52BAJMJ29S4J2JWPXPAV6,E5L3A8YW10QQDKMUF
EE0H6N5OVRQ38J5PS,A3UQBZ81Z,70DWWL3GR,7XHMJ6NHBEUR,E5L3A8YW10QQDKMUF
EE0H6N5OVRQ38J5PS,A3UQBZ81Z,A3UQBZ81Z,1QE5G22,E5L3A8YW10QQDKMUF
EE0H6N5OVRQ38J5PS,A3UQBZ81Z,A3UQBZ81Z,32HBUOSMF1U2JNXKOU6N,E5L3A8YW10QQDKMUF
EE0H6N5OVRQ38J5PS,A3UQBZ81Z,A3UQBZ81Z,456OLU0M4642GA83J0YTA,E5L3A8YW10QQDKMUF
EE0H6N5OVRQ38J5PS,A3UQBZ81Z,A3UQBZ81Z,4VODMC8KFU6P9,E5L3A8YW10QQDKMUF
EE0H6N5OVRQ38J5PS,A3UQBZ81Z,A3UQBZ81Z,4VODMC8KFU6P9,E5L3A8YW10QQDKMUF
EE0H6N5OVRQ38J5PS,A3UQBZ81Z,A3UQBZ81Z,52BAJMJ29S4J2JWPXPAV6,E5L3A8YW10QQDKMUF
EE0H6N5OVRQ38J5PS,A3UQBZ81Z,A3UQBZ81Z,7XHMJ6NHBEUR,E5L3A8YW10QQDKMUF
EE0H6N5OVRQ38J5PS,A3UQBZ81Z,CXC60QMH6JN,1QE5G22,E5L3A8YW10QQDKMUF
EE0H6N5OVRQ38J5PS,A3UQBZ81Z,CXC60QMH6JN,32HBUOSMF1U2JNXKOU6N,E5L3A8YW10QQDKMUF
EE0H6N5OVRQ38J5PS,A3UQBZ81Z,CXC60QMH6JN,456OLU0M4642GA83J0YTA,E5L3A8YW10QQDKMUF
EE0H6N5OVRQ38J5PS,A3UQBZ81Z,CXC60QMH6JN,4VODMC8KFU6P9,E5L3A8YW10QQDKMUF
EE0H6N5OVRQ38J5PS,A3UQBZ81Z,CXC60QMH6JN,4VODMC8KFU6P9,E5L3A8YW10QQDKMUF
EE0H6N5OVRQ38J5PS,A3UQBZ81Z,CXC60QMH6JN,52BAJMJ29S4J2JWPXPAV6,E5L3A8YW10QQDKMUF
EE0H6N5OVRQ38J5PS,A3UQBZ81Z,CXC60QMH6JN,7XHMJ6NHBEUR,E5L3A8YW10QQDKMUF
EE0H6N5OVRQ38J5PS,BFLE33HHDPM,37FJOZGMRA,C9UADCYR,E5L3A8YW10QQDKMUF
EE0H6N5OVRQ38J5PS,BFLE33HHDPM,8LWNNURN0L2ED0EPV5DX,C9UADCYR,E5L3A8YW10QQDKMUF
EE0H6N5OVRQ38J5PS,BFLE33HHDPM,AFESECFUI8DNN5HVT7L,C9UADCYR,E5L3A8YW10QQDKMUF
EE0H6N5OVRQ38J5PS,BFLE33HHDPM,BFLE33HHDPM,C9UADCYR,E5L3A8YW10QQDKMUF
EE0H6N5OVRQ38J5PS,BFLE33HHDPM,DW24C3DN167IIFH1IA7VY9,C9UADCYR,E5L3A8YW10QQDKMUF
F0KY5JJHJK0,DW24C3DN167IIFH1IA7VY9,5C8ZDTNK4HLSTK6M3HDN3,138HHEDQ,C9UADCYR
F0KY5JJHJK0,DW24C3DN167IIFH1IA7VY9,5C8ZDTNK4HLSTK6M3HDN3,4CHKZ57R2KYW6WE,C9UADCYR
F0KY5JJHJK0,DW24C3DN167IIFH1IA7VY9,5C8ZDTNK4HLSTK6M3HDN3,52BAJMJ29S4J2JWPXPAV6,C9UADCYR
F0KY5JJHJK0,DW24C3DN167IIFH1IA7VY9,5C8ZDTNK4HLSTK6M3HDN3,6656V0VMVHECEU,C9UADCYR
F0KY5JJHJK0,DW24C3DN167IIFH1IA7VY9,5C8ZDTNK4HLSTK6M3HDN3,BFLE33HHDPM,C9UADCYR
F0KY5JJHJK0,DW24C3DN167IIFH1IA7VY9,7YE98MV2S81Q64M5KRTL,138HHEDQ,C9UADCYR
F0KY5JJHJK0,DW24C3DN167IIFH1IA7VY9,7YE98MV2S81Q64M5KRTL,4CHKZ57R2KYW6WE,C9UADCYR
F0KY5JJHJK0,DW24C3DN167IIFH1IA7VY9,7YE98MV2S81Q64M5KRTL,52BAJMJ29S4J2JWPXPAV6,C9UADCYR
F0KY5JJHJK0,DW24C3DN167IIFH1IA7VY9,7YE98MV2S81Q64M5KRTL,6656V0VMVHECEU,C9UADCYR
F0KY5JJHJK0,DW24C3DN167IIFH1IA7VY9,7YE98MV2S81Q64M5KRTL,BFLE33HHDPM,C9UADCYR
F0KY5JJHJK0,DW24C3DN167IIFH1IA7VY9,D2VYUMT63TRU879TB,138HHEDQ,C9UADCYR
F0KY5JJHJK0,DW24C3DN167IIFH1IA7VY9,D2VYUMT63TRU879TB,4CHKZ57R2KYW6WE,C9UADCYR
F0KY5JJHJK0,DW24C3DN167IIFH1IA7VY9,D2VYUMT63TRU879TB,52BAJMJ29S4J2JWPXPAV6,C9UADCYR
F0KY5JJHJK0,DW24C3DN167IIFH1IA7VY9,D2VYUMT63TRU879TB,6656V0VMVHECEU,C9UADCYR
F0KY5JJHJK0,DW24C3DN167IIFH1IA7VY9,D2VYUMT63TRU879TB,BFLE33HHDPM,C9UADCYR
