B7RPT9D9LDS,5VARQM23YRTGD
Y1N9IIN4BEI6CM,6W5UR2077U2ZY2GGXM
CBD11PXIYTCOEU2TIT3Z,9B00VQP63O51Z7G
9B00VQP63O51Z7G,6W5UR2077U2ZY2GGXM
B7RPT9D9LDS,CMSRILYENETJ4FLTNF3
CMSRILYENETJ4FLTNF3,CBD11PXIYTCOEU2TIT3Z
D9TTKQQD8C852NLUM,BTDUOG660E12KOEL
BTDUOG660E12KOEL,B7RPT9D9LDS
B7RPT9D9LDS,732TCNI6KTFH
9B00VQP63O51Z7G,5VARQM23YRTGD
CBD11PXIYTCOEU2TIT3Z,9B00VQP63O51Z7G
6W5UR2077U2ZY2GGXM,6W5UR2077U2ZY2GGXM
732TCNI6KTFH,Y1N9IIN4BEI6CM
9B00VQP63O51Z7G,9B00VQP63O51Z7G
CBD11PXIYTCOEU2TIT3Z,6W5UR2077U2ZY2GGXM
6W5UR2077U2ZY2GGXM,9B00VQP63O51Z7G
5VARQM23YRTGD,CMSRILYENETJ4FLTNF3
BTDUOG660E12KOEL,6W5UR2077U2ZY2GGXM
9B00VQP63O51Z7G,6W5UR2077U2ZY2GGXM
732TCNI6KTFH,5VARQM23YRTGD
6W5UR2077U2ZY2GGXM,BTDUOG660E12KOEL
CMSRILYENETJ4FLTNF3,6W5UR2077U2ZY2GGXM
5VARQM23YRTGD,B7RPT9D9LDS
B7RPT9D9LDS,9B00VQP63O51Z7G
BTDUOG660E12KOEL,B7RPT9D9LDS
B7RPT9D9LDS,9B00VQP63O51Z7G
B7RPT9D9LDS,D9TTKQQD8C852NLUM
9B00VQP63O51Z7G,CBD11PXIYTCOEU2TIT3Z
9B00VQP63O51Z7G,732TCNI6KTFH
6W5UR2077U2ZY2GGXM,CBD11PXIYTCOEU2TIT3Z
CBD11PXIYTCOEU2TIT3Z,B7RPT9D9LDS
9B00VQP63O51Z7G,BTDUOG660E12KOEL
6W5UR2077U2ZY2GGXM,9B00VQP63O51Z7G
CBD11PXIYTCOEU2TIT3Z,D9TTKQQD8C852NLUM
6W5UR2077U2ZY2GGXM,B7RPT9D9LDS
732TCNI6KTFH,CBD11PXIYTCOEU2TIT3Z
D9TTKQQD8C852NLUM,5VARQM23YRTGD
B7RPT9D9LDS,BTDUOG660E12KOEL
CBD11PXIYTCOEU2TIT3Z,CMSRILYENETJ4FLTNF3
9B00VQP63O51Z7G,BTDUOG660E12KOEL
732TCNI6KTFH,B7RPT9D9LDS
BTDUOG660E12KOEL,Y1N9IIN4BEI6CM
Y1N9IIN4BEI6CM,Y1N9IIN4BEI6CM
CBD11PXIYTCOEU2TIT3Z,CBD11PXIYTCOEU2TIT3Z
CBD11PXIYTCOEU2TIT3Z,6W5UR2077U2ZY2GGXM
9B00VQP63O51Z7G,CBD11PXIYTCOEU2TIT3Z
6W5UR2077U2ZY2GGXM,CMSRILYENETJ4FLTNF3
CMSRILYENETJ4FLTNF3,732TCNI6KTFH
B7RPT9D9LDS,732TCNI6KTFH
B7RPT9D9LDS,CMSRILYENETJ4FLTNF3
6W5UR2077U2ZY2GGXM,5VARQM23YRTGD
D9TTKQQD8C852NLUM,B7RPT9D9LDS
CMSRILYENETJ4FLTNF3,6W5UR2077U2ZY2GGXM
6W5UR2077U2ZY2GGXM,732TCNI6KTFH
D9TTKQQD8C852NLUM,CMSRILYENETJ4FLTNF3
CMSRILYENETJ4FLTNF3,CMSRILYENETJ4FLTNF3
CMSRILYENETJ4FLTNF3,D9TTKQQD8C852NLUM
732TCNI6KTFH,CMSRILYENETJ4FLTNF3
9B00VQP63O51Z7G,9B00VQP63O51Z7G
CMSRILYENETJ4FLTNF3,732TCNI6KTFH
CMSRILYENETJ4FLTNF3,5VARQM23YRTGD
Y1N9IIN4BEI6CM,5VARQM23YRTGD
6W5UR2077U2ZY2GGXM,9B00VQP63O51Z7G
9B00VQP63O51Z7G,5VARQM23YRTGD
Y1N9IIN4BEI6CM,5VARQM23YRTGD
BTDUOG660E12KOEL,Y1N9IIN4BEI6CM
B7RPT9D9LDS,CMSRILYENETJ4FLTNF3
CMSRILYENETJ4FLTNF3,6W5UR2077U2ZY2GGXM
CBD11PXIYTCOEU2TIT3Z,CBD11PXIYTCOEU2TIT3Z
BTDUOG660E12KOEL,Y1N9IIN4BEI6CM
Y1N9IIN4BEI6CM,9B00VQP63O51Z7G
CMSRILYENETJ4FLTNF3,D9TTKQQD8C852NLUM
732TCNI6KTFH,CMSRILYENETJ4FLTNF3
BTDUOG660E12KOEL,5VARQM23YRTGD
B7RPT9D9LDS,Y1N9IIN4BEI6CM
6W5UR2077U2ZY2GGXM,CMSRILYENETJ4FLTNF3
BTDUOG660E12KOEL,732TCNI6KTFH
B7RPT9D9LDS,CMSRILYENETJ4FLTNF3
D9TTKQQD8C852NLUM,Y1N9IIN4BEI6CM
9B00VQP63O51Z7G,CMSRILYENETJ4FLTNF3
5VARQM23YRTGD,D9TTKQQD8C852NLUM
B7RPT9D9LDS,D9TTKQQD8C852NLUM
6W5UR2077U2ZY2GGXM,Y1N9IIN4BEI6CM
CMSRILYENETJ4FLTNF3,B7RPT9D9LDS
Y1N9IIN4BEI6CM,5VARQM23YRTGD
CMSRILYENETJ4FLTNF3,BTDUOG660E12KOEL
CBD11PXIYTCOEU2TIT3Z,CMSRILYENETJ4FLTNF3
CMSRILYENETJ4FLTNF3,5VARQM23YRTGD
732TCNI6KTFH,BTDUOG660E12KOEL
BTDUOG660E12KOEL,Y1N9IIN4BEI6CM
D9TTKQQD8C852NLUM,BTDUOG660E12KOEL
Y1N9IIN4BEI6CM,CBD11PXIYTCOEU2TIT3Z
9B00VQP63O51Z7G,CMSRILYENETJ4FLTNF3
Y1N9IIN4BEI6CM,732TCNI6KTFH
CBD11PXIYTCOEU2TIT3Z,CMSRILYENETJ4FLTNF3
CBD11PXIYTCOEU2TIT3Z,B7RPT9D9LDS
9B00VQP63O51Z7G,D9TTKQQD8C852NLUM
732TCNI6KTFH,732TCNI6KTFH
BTDUOG660E12KOEL,B7RPT9D9LDS
732TCNI6KTFH,6W5UR2077U2ZY2GGXM
Y1N9IIN4BEI6CM,CBD11PXIYTCOEU2TIT3Z
732TCNI6KTFH,CBD11PXIYTCOEU2TIT3Z
5VARQM23YRTGD,5VARQM23YRTGD
9B00VQP63O51Z7G,BTDUOG660E12KOEL
CBD11PXIYTCOEU2TIT3Z,CBD11PXIYTCOEU2TIT3Z
CBD11PXIYTCOEU2TIT3Z,B7RPT9D9LDS
6W5UR2077U2ZY2GGXM,CMSRILYENETJ4FLTNF3
B7RPT9D9LDS,CMSRILYENETJ4FLTNF3
CMSRILYENETJ4FLTNF3,5VARQM23YRTGD
CMSRILYENETJ4FLTNF3,732TCNI6KTFH
CBD11PXIYTCOEU2TIT3Z,D9TTKQQD8C852NLUM
CMSRILYENETJ4FLTNF3,D9TTKQQD8C852NLUM
CBD11PXIYTCOEU2TIT3Z,BTDUOG660E12KOEL
B7RPT9D9LDS,6W5UR2077U2ZY2GGXM
D9TTKQQD8C852NLUM,BTDUOG660E12KOEL
CMSRILYENETJ4FLTNF3,9B00VQP63O51Z7G
9B00VQP63O51Z7G,B7RPT9D9LDS
D9TTKQQD8C852NLUM,CBD11PXIYTCOEU2TIT3Z
D9TTKQQD8C852NLUM,B7RPT9D9LDS
D9TTKQQD8C852NLUM,BTDUOG660E12KOEL
CMSRILYENETJ4FLTNF3,D9TTKQQD8C852NLUM
CBD11PXIYTCOEU2TIT3Z,B7RPT9D9LDS
Y1N9IIN4BEI6CM,5VARQM23YRTGD
Y1N9IIN4BEI6CM,5VARQM23YRTGD
Y1N9IIN4BEI6CM,732TCNI6KTFH
Y1N9IIN4BEI6CM,BTDUOG660E12KOEL
B7RPT9D9LDS,5VARQM23YRTGD
B7RPT9D9LDS,BTDUOG660E12KOEL
D9TTKQQD8C852NLUM,6W5UR2077U2ZY2GGXM
CBD11PXIYTCOEU2TIT3Z,5VARQM23YRTGD
5VARQM23YRTGD,D9TTKQQD8C852NLUM
5VARQM23YRTGD,CBD11PXIYTCOEU2TIT3Z
5VARQM23YRTGD,CMSRILYENETJ4FLTNF3
CBD11PXIYTCOEU2TIT3Z,BTDUOG660E12KOEL
732TCNI6KTFH,5VARQM23YRTGD
BTDUOG660E12KOEL,6W5UR2077U2ZY2GGXM
6W5UR2077U2ZY2GGXM,CMSRILYENETJ4FLTNF3
BTDUOG660E12KOEL,5VARQM23YRTGD
6W5UR2077U2ZY2GGXM,CMSRILYENETJ4FLTNF3
CMSRILYENETJ4FLTNF3,9B00VQP63O51Z7G
Y1N9IIN4BEI6CM,BTDUOG660E12KOEL
CMSRILYENETJ4FLTNF3,Y1N9IIN4BEI6CM
9B00VQP63O51Z7G,B7RPT9D9LDS
6W5UR2077U2ZY2GGXM,B7RPT9D9LDS
CBD11PXIYTCOEU2TIT3Z,5VARQM23YRTGD
D9TTKQQD8C852NLUM,6W5UR2077U2ZY2GGXM
5VARQM23YRTGD,732TCNI6KTFH
5VARQM23YRTGD,BTDUOG660E12KOEL
9B00VQP63O51Z7G,BTDUOG660E12KOEL
CMSRILYENETJ4FLTNF3,BTDUOG660E12KOEL
D9TTKQQD8C852NLUM,BTDUOG660E12KOEL
9B00VQP63O51Z7G,5VARQM23YRTGD
9B00VQP63O51Z7G,5VARQM23YRTGD
B7RPT9D9LDS,BTDUOG660E12KOEL
CBD11PXIYTCOEU2TIT3Z,732TCNI6KTFH
Y1N9IIN4BEI6CM,D9TTKQQD8C852NLUM
D9TTKQQD8C852NLUM,CBD11PXIYTCOEU2TIT3Z
9B00VQP63O51Z7G,9B00VQP63O51Z7G
5VARQM23YRTGD,BTDUOG660E12KOEL
6W5UR2077U2ZY2GGXM,B7RPT9D9LDS
CMSRILYENETJ4FLTNF3,732TCNI6KTFH
CMSRILYENETJ4FLTNF3,B7RPT9D9LDS
6W5UR2077U2ZY2GGXM,5VARQM23YRTGD
CBD11PXIYTCOEU2TIT3Z,732TCNI6KTFH
B7RPT9D9LDS,Y1N9IIN4BEI6CM
Y1N9IIN4BEI6CM,5VARQM23YRTGD
732TCNI6KTFH,CMSRILYENETJ4FLTNF3
B7RPT9D9LDS,5VARQM23YRTGD
6W5UR2077U2ZY2GGXM,5VARQM23YRTGD
D9TTKQQD8C852NLUM,CBD11PXIYTCOEU2TIT3Z
B7RPT9D9LDS,CBD11PXIYTCOEU2TIT3Z
6W5UR2077U2ZY2GGXM,5VARQM23YRTGD
6W5UR2077U2ZY2GGXM,732TCNI6KTFH
D9TTKQQD8C852NLUM,BTDUOG660E12KOEL
9B00VQP63O51Z7G,BTDUOG660E12KOEL
6W5UR2077U2ZY2GGXM,CMSRILYENETJ4FLTNF3
B7RPT9D9LDS,D9TTKQQD8C852NLUM
732TCNI6KTFH,6W5UR2077U2ZY2GGXM
Y1N9IIN4BEI6CM,6W5UR2077U2ZY2GGXM
CMSRILYENETJ4FLTNF3,Y1N9IIN4BEI6CM
Y1N9IIN4BEI6CM,Y1N9IIN4BEI6CM
732TCNI6KTFH,CMSRILYENETJ4FLTNF3
B7RPT9D9LDS,CBD11PXIYTCOEU2TIT3Z
B7RPT9D9LDS,Y1N9IIN4BEI6CM
D9TTKQQD8C852NLUM,CBD11PXIYTCOEU2TIT3Z
732TCNI6KTFH,BTDUOG660E12KOEL
Y1N9IIN4BEI6CM,6W5UR2077U2ZY2GGXM
BTDUOG660E12KOEL,CMSRILYENETJ4FLTNF3
Y1N9IIN4BEI6CM,CMSRILYENETJ4FLTNF3
CMSRILYENETJ4FLTNF3,B7RPT9D9LDS
B7RPT9D9LDS,Y1N9IIN4BEI6CM
D9TTKQQD8C852NLUM,CMSRILYENETJ4FLTNF3
Y1N9IIN4BEI6CM,BTDUOG660E12KOEL
732TCNI6KTFH,D9TTKQQD8C852NLUM
5VARQM23YRTGD,CBD11PXIYTCOEU2TIT3Z
5VARQM23YRTGD,B7RPT9D9LDS
9B00VQP63O51Z7G,6W5UR2077U2ZY2GGXM
D9TTKQQD8C852NLUM,BTDUOG660E12KOEL
732TCNI6KTFH,B7RPT9D9LDS
Y1N9IIN4BEI6CM,D9TTKQQD8C852NLUM
6W5UR2077U2ZY2GGXM,D9TTKQQD8C852NLUM
D9TTKQQD8C852NLUM,D9TTKQQD8C852NLUM
CMSRILYENETJ4FLTNF3,Y1N9IIN4BEI6CM
BTDUOG660E12KOEL,CMSRILYENETJ4FLTNF3
D9TTKQQD8C852NLUM,732TCNI6KTFH
CMSRILYENETJ4FLTNF3,732TCNI6KTFH
Y1N9IIN4BEI6CM,BTDUOG660E12KOEL
CBD11PXIYTCOEU2TIT3Z,732TCNI6KTFH
BTDUOG660E12KOEL,732TCNI6KTFH
D9TTKQQD8C852NLUM,CMSRILYENETJ4FLTNF3
BTDUOG660E12KOEL,5VARQM23YRTGD
Y1N9IIN4BEI6CM,Y1N9IIN4BEI6CM
B7RPT9D9LDS,732TCNI6KTFH
CMSRILYENETJ4FLTNF3,5VARQM23YRTGD
D9TTKQQD8C852NLUM,CBD11PXIYTCOEU2TIT3Z
CBD11PXIYTCOEU2TIT3Z,BTDUOG660E12KOEL
CMSRILYENETJ4FLTNF3,9B00VQP63O51Z7G
CBD11PXIYTCOEU2TIT3Z,B7RPT9D9LDS
6W5UR2077U2ZY2GGXM,CBD11PXIYTCOEU2TIT3Z
5VARQM23YRTGD,CMSRILYENETJ4FLTNF3
5VARQM23YRTGD,CMSRILYENETJ4FLTNF3
B7RPT9D9LDS,BTDUOG660E12KOEL
5VARQM23YRTGD,6W5UR2077U2ZY2GGXM
6W5UR2077U2ZY2GGXM,5VARQM23YRTGD
Y1N9IIN4BEI6CM,B7RPT9D9LDS
CMSRILYENETJ4FLTNF3,732TCNI6KTFH
BTDUOG660E12KOEL,6W5UR2077U2ZY2GGXM
CMSRILYENETJ4FLTNF3,B7RPT9D9LDS
CMSRILYENETJ4FLTNF3,6W5UR2077U2ZY2GGXM
Y1N9IIN4BEI6CM,6W5UR2077U2ZY2GGXM
D9TTKQQD8C852NLUM,D9TTKQQD8C852NLUM
6W5UR2077U2ZY2GGXM,9B00VQP63O51Z7G
CMSRILYENETJ4FLTNF3,9B00VQP63O51Z7G
BTDUOG660E12KOEL,BTDUOG660E12KOEL
B7RPT9D9LDS,732TCNI6KTFH
CBD11PXIYTCOEU2TIT3Z,B7RPT9D9LDS
9B00VQP63O51Z7G,Y1N9IIN4BEI6CM
9B00VQP63O51Z7G,BTDUOG660E12KOEL
D9TTKQQD8C852NLUM,732TCNI6KTFH
9B00VQP63O51Z7G,B7RPT9D9LDS
6W5UR2077U2ZY2GGXM,6W5UR2077U2ZY2GGXM
5VARQM23YRTGD,5VARQM23YRTGD
9B00VQP63O51Z7G,D9TTKQQD8C852NLUM
Y1N9IIN4BEI6CM,9B00VQP63O51Z7G
D9TTKQQD8C852NLUM,Y1N9IIN4BEI6CM
Y1N9IIN4BEI6CM,CBD11PXIYTCOEU2TIT3Z
B7RPT9D9LDS,732TCNI6KTFH
CBD11PXIYTCOEU2TIT3Z,D9TTKQQD8C852NLUM
Y1N9IIN4BEI6CM,B7RPT9D9LDS
Y1N9IIN4BEI6CM,5VARQM23YRTGD
